time,appid,name,rank,last_week_rank,players
2025-09-08T13:31:30.772916,730,Counter-Strike 2,1,1,1498141
2025-09-08T13:31:30.772916,570,Dota 2,2,3,840351
2025-09-08T13:31:30.772916,578080,PUBG: BATTLEGROUNDS,3,2,681274
2025-09-08T13:31:30.772916,431960,Wallpaper Engine,4,4,130687
2025-09-08T13:31:30.772916,1030300,Hollow Knight: Silksong,5,-1,568120
2025-09-08T13:31:30.772916,553850,HELLDIVERS™ 2,6,7,159127
2025-09-08T13:31:30.772916,1172470,Apex Legends™,7,6,196815
2025-09-08T13:31:30.772916,2694490,Path of Exile 2,8,5,261039
2025-09-08T13:31:30.772916,2767030,Marvel Rivals,9,10,99894
2025-09-08T13:31:30.772916,2507950,Delta Force,10,9,209372
2025-09-08T13:31:30.772916,367520,Hollow Knight,11,17,95655
2025-09-08T13:31:30.772916,359550,Tom Clancy's Rainbow Six® Siege X,12,13,94483
2025-09-08T13:31:30.772916,236390,War Thunder,13,11,80978
2025-09-08T13:31:30.772916,413150,Stardew Valley,14,12,117882
2025-09-08T13:31:30.772916,3527290,PEAK,15,8,56074
2025-09-08T13:31:30.772916,381210,Dead by Daylight,16,14,77912
2025-09-08T13:31:30.772916,275850,No Man's Sky,17,16,110893
2025-09-08T13:31:30.772916,1203220,NARAKA: BLADEPOINT,18,15,127666
2025-09-08T13:31:30.772916,271590,Grand Theft Auto V Legacy,19,18,98865
2025-09-08T13:31:30.772916,252490,Rust,20,24,143875
2025-09-08T13:31:30.772916,1086940,Baldur's Gate 3,21,26,90551
2025-09-08T13:31:30.772916,1938090,Call of Duty®,22,21,62663
2025-09-08T13:31:30.772916,3240220,Grand Theft Auto V Enhanced,23,22,69157
2025-09-08T13:31:30.772916,2669320,EA SPORTS FC™ 25,24,19,52512
2025-09-08T13:31:30.772916,440,Team Fortress 2,25,27,68128
2025-09-08T13:31:30.772916,105600,Terraria,26,25,33530
2025-09-08T13:31:30.772916,227300,Euro Truck Simulator 2,27,23,48198
2025-09-08T13:31:30.772916,2357570,Overwatch® 2,28,28,44378
2025-09-08T13:31:30.772916,3241660,R.E.P.O.,29,30,40447
2025-09-08T13:31:30.772916,230410,Warframe,30,31,59081
2025-09-08T13:31:30.772916,1174180,Red Dead Redemption 2,31,36,57697
2025-09-08T13:31:30.772916,550,Left 4 Dead 2,32,34,33854
2025-09-08T13:31:30.772916,1517290,Battlefield™ 2042,33,20,46535
2025-09-08T13:31:30.772916,1091500,Cyberpunk 2077,34,29,54408
2025-09-08T13:31:30.772916,322170,Geometry Dash,35,32,35217
2025-09-08T13:31:30.772916,1973530,Limbus Company,36,35,37046
2025-09-08T13:31:30.772916,438100,VRChat,37,37,59062
2025-09-08T13:31:30.772916,1422450,Deadlock,38,33,55216
2025-09-08T13:31:30.772916,394360,Hearts of Iron IV,39,38,58818
2025-09-08T13:31:30.772916,322330,饥荒联机版,40,40,48912
2025-09-08T13:31:30.772916,284160,BeamNG.drive,41,42,30133
2025-09-08T13:31:30.772916,1222670,The Sims™ 4,42,44,37234
2025-09-08T13:31:30.772916,3419430,Bongo Cat,43,47,126595
2025-09-08T13:31:30.772916,2584990,Shadowverse: Worlds Beyond,44,41,40239
2025-09-08T13:31:30.772916,3164500,Schedule I,45,57,41914
2025-09-08T13:31:30.772916,1245620,ELDEN RING,46,43,40480
2025-09-08T13:31:30.772916,4000,Garry's Mod,47,49,32260
2025-09-08T13:31:30.772916,2622380,ELDEN RING NIGHTREIGN,48,39,44195
2025-09-08T13:31:30.772916,252950,Rocket League®,49,52,25150
2025-09-08T13:31:30.772916,250900,The Binding of Isaac: Rebirth,50,45,22864
2025-09-08T13:31:30.772916,2183900,"Warhammer 40,000: Space Marine 2",51,107,34186
2025-09-08T13:31:30.772916,1281930,tModLoader,52,48,35217
2025-09-08T13:31:30.772916,289070,Sid Meier’s Civilization® VI,53,53,49398
2025-09-08T13:31:30.772916,1366800,Crosshair X,54,56,59034
2025-09-08T13:31:30.772916,3224770,Umamusume: Pretty Derby,55,46,23977
2025-09-08T13:31:30.772916,1364780,Street Fighter™ 6,56,51,34957
2025-09-08T13:31:30.772916,251570,7 Days to Die,57,54,48549
2025-09-08T13:31:30.772916,1449850,Yu-Gi-Oh! Master Duel,58,55,15091
2025-09-08T13:31:30.772916,2358720,Black Myth: Wukong,59,50,34510
2025-09-08T13:31:30.772916,2252570,Football Manager 2024,60,59,74281
2025-09-08T13:31:30.772916,739630,Phasmophobia,61,58,20927
2025-09-08T13:31:30.772916,1142710,Total War: WARHAMMER III,62,65,38887
2025-09-08T13:31:30.772916,221100,DayZ,63,62,62953
2025-09-08T13:31:30.772916,291550,Brawlhalla,64,63,14886
2025-09-08T13:31:30.772916,244210,Assetto Corsa,65,67,16340
2025-09-08T13:31:30.772916,1665460,eFootball™,66,64,19001
2025-09-08T13:31:30.772916,2073850,THE FINALS,67,68,22595
2025-09-08T13:31:30.772916,294100,RimWorld,68,60,45666
2025-09-08T13:31:30.772916,108600,Project Zomboid,69,69,30660
2025-09-08T13:31:30.772916,1551360,Forza Horizon 5,70,66,17360
2025-09-08T13:31:30.772916,489830,The Elder Scrolls V: Skyrim Special Edition,71,72,27544
2025-09-08T13:31:30.772916,3513350,Wuthering Waves,72,70,16152
2025-09-08T13:31:30.772916,646570,Slay the Spire,73,79,18593
2025-09-08T13:31:30.772916,714010,Aimlabs,74,77,6945
2025-09-08T13:31:30.772916,2300320,Farming Simulator 25,75,81,42021
2025-09-08T13:31:30.772916,1085660,Destiny 2,76,75,28075
2025-09-08T13:31:30.772916,1144200,Ready or Not,77,71,14161
2025-09-08T13:31:30.772916,2246340,Monster Hunter Wilds,78,61,27268
2025-09-08T13:31:30.772916,1623730,Palworld,79,76,36921
2025-09-08T13:31:30.772916,1905180,OBS Studio,80,84,24755
2025-09-08T13:31:30.772916,2379780,Balatro,81,78,12314
2025-09-08T13:31:30.772916,2878980,NBA 2K25,82,74,21713
2025-09-08T13:31:30.772916,892970,Valheim,83,82,33214
2025-09-08T13:31:30.772916,1329410,1329410,84,73,15275
2025-09-08T13:31:30.772916,629520,Soundpad,85,87,22602
2025-09-08T13:31:30.772916,960090,Bloons TD 6,86,80,11574
2025-09-08T13:31:30.772916,813780,Age of Empires II: Definitive Edition,87,85,23745
2025-09-08T13:31:30.772916,261550,Mount & Blade II: Bannerlord,88,86,31839
2025-09-08T13:31:30.772916,2642680,Half Sword Tech Demo,89,89,7195
2025-09-08T13:31:30.772916,393380,Squad,90,108,19518
2025-09-08T13:31:30.772916,2139460,Once Human,91,90,30224
2025-09-08T13:31:30.772916,1158310,Crusader Kings III,92,92,26009
2025-09-08T13:31:30.772916,526870,Satisfactory,93,88,31481
2025-09-08T13:31:30.772916,990080,Hogwarts Legacy,94,83,21080
2025-09-08T13:31:30.772916,346110,ARK: Survival Evolved,95,93,29726
2025-09-08T13:31:30.772916,292030,The Witcher 3: Wild Hunt,96,91,21883
2025-09-08T13:31:30.772916,3472040,NBA 2K26,97,-1,32055
2025-09-08T13:31:30.772916,1407200,World of Tanks,98,133,20917
2025-09-08T13:31:30.772916,377160,Fallout 4,99,97,20488
2025-09-08T13:31:30.772916,594650,Hunt: Showdown 1896,100,96,21288
2025-09-08T13:34:31.304873,730,Counter-Strike 2,1,1,1498141
2025-09-08T13:34:31.304873,570,Dota 2,2,3,840351
2025-09-08T13:34:31.304873,578080,PUBG: BATTLEGROUNDS,3,2,681274
2025-09-08T13:34:31.304873,431960,Wallpaper Engine,4,4,130687
2025-09-08T13:34:31.304873,1030300,Hollow Knight: Silksong,5,-1,568120
2025-09-08T13:34:31.304873,553850,HELLDIVERS™ 2,6,7,159127
2025-09-08T13:34:31.304873,1172470,Apex Legends™,7,6,196815
2025-09-08T13:34:31.304873,2694490,Path of Exile 2,8,5,261039
2025-09-08T13:34:31.304873,2767030,Marvel Rivals,9,10,99894
2025-09-08T13:34:31.304873,2507950,Delta Force,10,9,209372
2025-09-08T13:34:31.304873,367520,Hollow Knight,11,17,95655
2025-09-08T13:34:31.304873,359550,Tom Clancy's Rainbow Six® Siege X,12,13,94483
2025-09-08T13:34:31.304873,236390,War Thunder,13,11,80978
2025-09-08T13:34:31.304873,413150,Stardew Valley,14,12,117882
2025-09-08T13:34:31.304873,3527290,PEAK,15,8,56074
2025-09-08T13:34:31.304873,381210,Dead by Daylight,16,14,77912
2025-09-08T13:34:31.304873,275850,No Man's Sky,17,16,110893
2025-09-08T13:34:31.304873,1203220,NARAKA: BLADEPOINT,18,15,127666
2025-09-08T13:34:31.304873,271590,Grand Theft Auto V Legacy,19,18,98865
2025-09-08T13:34:31.304873,252490,Rust,20,24,143875
2025-09-08T13:34:31.304873,1086940,Baldur's Gate 3,21,26,90551
2025-09-08T13:34:31.304873,1938090,Call of Duty®,22,21,62663
2025-09-08T13:34:31.304873,3240220,Grand Theft Auto V Enhanced,23,22,69157
2025-09-08T13:34:31.304873,2669320,EA SPORTS FC™ 25,24,19,52512
2025-09-08T13:34:31.304873,440,Team Fortress 2,25,27,68128
2025-09-08T13:34:31.304873,105600,Terraria,26,25,33530
2025-09-08T13:34:31.304873,227300,Euro Truck Simulator 2,27,23,48198
2025-09-08T13:34:31.304873,2357570,Overwatch® 2,28,28,44378
2025-09-08T13:34:31.304873,3241660,R.E.P.O.,29,30,40447
2025-09-08T13:34:31.304873,230410,Warframe,30,31,59081
2025-09-08T13:34:31.304873,1174180,Red Dead Redemption 2,31,36,57697
2025-09-08T13:34:31.304873,550,Left 4 Dead 2,32,34,33854
2025-09-08T13:34:31.304873,1517290,Battlefield™ 2042,33,20,46535
2025-09-08T13:34:31.304873,1091500,Cyberpunk 2077,34,29,54408
2025-09-08T13:34:31.304873,322170,Geometry Dash,35,32,35217
2025-09-08T13:34:31.304873,1973530,Limbus Company,36,35,37046
2025-09-08T13:34:31.304873,438100,VRChat,37,37,59062
2025-09-08T13:34:31.304873,1422450,Deadlock,38,33,55216
2025-09-08T13:34:31.304873,394360,Hearts of Iron IV,39,38,58818
2025-09-08T13:34:31.304873,322330,饥荒联机版,40,40,48912
2025-09-08T13:34:31.304873,284160,BeamNG.drive,41,42,30133
2025-09-08T13:34:31.304873,1222670,The Sims™ 4,42,44,37234
2025-09-08T13:34:31.304873,3419430,Bongo Cat,43,47,126595
2025-09-08T13:34:31.304873,2584990,Shadowverse: Worlds Beyond,44,41,40239
2025-09-08T13:34:31.304873,3164500,Schedule I,45,57,41914
2025-09-08T13:34:31.304873,1245620,ELDEN RING,46,43,40480
2025-09-08T13:34:31.304873,4000,Garry's Mod,47,49,32260
2025-09-08T13:34:31.304873,2622380,ELDEN RING NIGHTREIGN,48,39,44195
2025-09-08T13:34:31.304873,252950,Rocket League®,49,52,25150
2025-09-08T13:34:31.304873,250900,The Binding of Isaac: Rebirth,50,45,22864
2025-09-08T13:34:31.304873,2183900,"Warhammer 40,000: Space Marine 2",51,107,34186
2025-09-08T13:34:31.304873,1281930,tModLoader,52,48,35217
2025-09-08T13:34:31.304873,289070,Sid Meier’s Civilization® VI,53,53,49398
2025-09-08T13:34:31.304873,1366800,Crosshair X,54,56,59034
2025-09-08T13:34:31.304873,3224770,Umamusume: Pretty Derby,55,46,23977
2025-09-08T13:34:31.304873,1364780,Street Fighter™ 6,56,51,34957
2025-09-08T13:34:31.304873,251570,7 Days to Die,57,54,48549
2025-09-08T13:34:31.304873,1449850,Yu-Gi-Oh! Master Duel,58,55,15091
2025-09-08T13:34:31.304873,2358720,Black Myth: Wukong,59,50,34510
2025-09-08T13:34:31.304873,2252570,Football Manager 2024,60,59,74281
2025-09-08T13:34:31.304873,739630,Phasmophobia,61,58,20927
2025-09-08T13:34:31.304873,1142710,Total War: WARHAMMER III,62,65,38887
2025-09-08T13:34:31.304873,221100,DayZ,63,62,62953
2025-09-08T13:34:31.304873,291550,Brawlhalla,64,63,14886
2025-09-08T13:34:31.304873,244210,Assetto Corsa,65,67,16340
2025-09-08T13:34:31.304873,1665460,eFootball™,66,64,19001
2025-09-08T13:34:31.304873,2073850,THE FINALS,67,68,22595
2025-09-08T13:34:31.304873,294100,RimWorld,68,60,45666
2025-09-08T13:34:31.304873,108600,Project Zomboid,69,69,30660
2025-09-08T13:34:31.304873,1551360,Forza Horizon 5,70,66,17360
2025-09-08T13:34:31.304873,489830,The Elder Scrolls V: Skyrim Special Edition,71,72,27544
2025-09-08T13:34:31.304873,3513350,Wuthering Waves,72,70,16152
2025-09-08T13:34:31.304873,646570,Slay the Spire,73,79,18593
2025-09-08T13:34:31.304873,714010,Aimlabs,74,77,6945
2025-09-08T13:34:31.304873,2300320,Farming Simulator 25,75,81,42021
2025-09-08T13:34:31.304873,1085660,Destiny 2,76,75,28075
2025-09-08T13:34:31.304873,1144200,Ready or Not,77,71,14161
2025-09-08T13:34:31.304873,2246340,Monster Hunter Wilds,78,61,27268
2025-09-08T13:34:31.304873,1623730,Palworld,79,76,36921
2025-09-08T13:34:31.304873,1905180,OBS Studio,80,84,24755
2025-09-08T13:34:31.304873,2379780,Balatro,81,78,12314
2025-09-08T13:34:31.304873,2878980,NBA 2K25,82,74,21713
2025-09-08T13:34:31.304873,892970,Valheim,83,82,33214
2025-09-08T13:34:31.304873,1329410,1329410,84,73,15275
2025-09-08T13:34:31.304873,629520,Soundpad,85,87,22602
2025-09-08T13:34:31.304873,960090,Bloons TD 6,86,80,11574
2025-09-08T13:34:31.304873,813780,Age of Empires II: Definitive Edition,87,85,23745
2025-09-08T13:34:31.304873,261550,Mount & Blade II: Bannerlord,88,86,31839
2025-09-08T13:34:31.304873,2642680,Half Sword Tech Demo,89,89,7195
2025-09-08T13:34:31.304873,393380,Squad,90,108,19518
2025-09-08T13:34:31.304873,2139460,Once Human,91,90,30224
2025-09-08T13:34:31.304873,1158310,Crusader Kings III,92,92,26009
2025-09-08T13:34:31.304873,526870,Satisfactory,93,88,31481
2025-09-08T13:34:31.304873,990080,Hogwarts Legacy,94,83,21080
2025-09-08T13:34:31.304873,346110,ARK: Survival Evolved,95,93,29726
2025-09-08T13:34:31.304873,292030,The Witcher 3: Wild Hunt,96,91,21883
2025-09-08T13:34:31.304873,3472040,NBA 2K26,97,-1,32055
2025-09-08T13:34:31.304873,1407200,World of Tanks,98,133,20917
2025-09-08T13:34:31.304873,377160,Fallout 4,99,97,20488
2025-09-08T13:34:31.304873,594650,Hunt: Showdown 1896,100,96,21288
2025-09-08T13:34:37.966500,730,Counter-Strike 2,1,1,1498141
2025-09-08T13:34:37.966500,570,Dota 2,2,3,840351
2025-09-08T13:34:37.966500,578080,PUBG: BATTLEGROUNDS,3,2,681274
2025-09-08T13:34:37.966500,431960,Wallpaper Engine,4,4,130687
2025-09-08T13:34:37.966500,1030300,Hollow Knight: Silksong,5,-1,568120
2025-09-08T13:34:37.966500,553850,HELLDIVERS™ 2,6,7,159127
2025-09-08T13:34:37.966500,1172470,Apex Legends™,7,6,196815
2025-09-08T13:34:37.966500,2694490,Path of Exile 2,8,5,261039
2025-09-08T13:34:37.966500,2767030,Marvel Rivals,9,10,99894
2025-09-08T13:34:37.966500,2507950,Delta Force,10,9,209372
2025-09-08T13:34:37.966500,367520,Hollow Knight,11,17,95655
2025-09-08T13:34:37.966500,359550,Tom Clancy's Rainbow Six® Siege X,12,13,94483
2025-09-08T13:34:37.966500,236390,War Thunder,13,11,80978
2025-09-08T13:34:37.966500,413150,Stardew Valley,14,12,117882
2025-09-08T13:34:37.966500,3527290,PEAK,15,8,56074
2025-09-08T13:34:37.966500,381210,Dead by Daylight,16,14,77912
2025-09-08T13:34:37.966500,275850,No Man's Sky,17,16,110893
2025-09-08T13:34:37.966500,1203220,NARAKA: BLADEPOINT,18,15,127666
2025-09-08T13:34:37.966500,271590,Grand Theft Auto V Legacy,19,18,98865
2025-09-08T13:34:37.966500,252490,Rust,20,24,143875
2025-09-08T13:34:37.966500,1086940,Baldur's Gate 3,21,26,90551
2025-09-08T13:34:37.966500,1938090,Call of Duty®,22,21,62663
2025-09-08T13:34:37.966500,3240220,Grand Theft Auto V Enhanced,23,22,69157
2025-09-08T13:34:37.966500,2669320,EA SPORTS FC™ 25,24,19,52512
2025-09-08T13:34:37.966500,440,Team Fortress 2,25,27,68128
2025-09-08T13:34:37.966500,105600,Terraria,26,25,33530
2025-09-08T13:34:37.966500,227300,Euro Truck Simulator 2,27,23,48198
2025-09-08T13:34:37.966500,2357570,Overwatch® 2,28,28,44378
2025-09-08T13:34:37.966500,3241660,R.E.P.O.,29,30,40447
2025-09-08T13:34:37.966500,230410,Warframe,30,31,59081
2025-09-08T13:34:37.966500,1174180,Red Dead Redemption 2,31,36,57697
2025-09-08T13:34:37.966500,550,Left 4 Dead 2,32,34,33854
2025-09-08T13:34:37.966500,1517290,Battlefield™ 2042,33,20,46535
2025-09-08T13:34:37.966500,1091500,Cyberpunk 2077,34,29,54408
2025-09-08T13:34:37.966500,322170,Geometry Dash,35,32,35217
2025-09-08T13:34:37.966500,1973530,Limbus Company,36,35,37046
2025-09-08T13:34:37.966500,438100,VRChat,37,37,59062
2025-09-08T13:34:37.966500,1422450,Deadlock,38,33,55216
2025-09-08T13:34:37.966500,394360,Hearts of Iron IV,39,38,58818
2025-09-08T13:34:37.966500,322330,饥荒联机版,40,40,48912
2025-09-08T13:34:37.966500,284160,BeamNG.drive,41,42,30133
2025-09-08T13:34:37.966500,1222670,The Sims™ 4,42,44,37234
2025-09-08T13:34:37.966500,3419430,Bongo Cat,43,47,126595
2025-09-08T13:34:37.966500,2584990,Shadowverse: Worlds Beyond,44,41,40239
2025-09-08T13:34:37.966500,3164500,Schedule I,45,57,41914
2025-09-08T13:34:37.966500,1245620,ELDEN RING,46,43,40480
2025-09-08T13:34:37.966500,4000,Garry's Mod,47,49,32260
2025-09-08T13:34:37.966500,2622380,ELDEN RING NIGHTREIGN,48,39,44195
2025-09-08T13:34:37.966500,252950,Rocket League®,49,52,25150
2025-09-08T13:34:37.966500,250900,The Binding of Isaac: Rebirth,50,45,22864
2025-09-08T13:34:37.966500,2183900,"Warhammer 40,000: Space Marine 2",51,107,34186
2025-09-08T13:34:37.966500,1281930,tModLoader,52,48,35217
2025-09-08T13:34:37.966500,289070,Sid Meier’s Civilization® VI,53,53,49398
2025-09-08T13:34:37.966500,1366800,Crosshair X,54,56,59034
2025-09-08T13:34:37.966500,3224770,Umamusume: Pretty Derby,55,46,23977
2025-09-08T13:34:37.966500,1364780,Street Fighter™ 6,56,51,34957
2025-09-08T13:34:37.966500,251570,7 Days to Die,57,54,48549
2025-09-08T13:34:37.966500,1449850,Yu-Gi-Oh! Master Duel,58,55,15091
2025-09-08T13:34:37.966500,2358720,Black Myth: Wukong,59,50,34510
2025-09-08T13:34:37.966500,2252570,Football Manager 2024,60,59,74281
2025-09-08T13:34:37.966500,739630,Phasmophobia,61,58,20927
2025-09-08T13:34:37.966500,1142710,Total War: WARHAMMER III,62,65,38887
2025-09-08T13:34:37.966500,221100,DayZ,63,62,62953
2025-09-08T13:34:37.966500,291550,Brawlhalla,64,63,14886
2025-09-08T13:34:37.966500,244210,Assetto Corsa,65,67,16340
2025-09-08T13:34:37.966500,1665460,eFootball™,66,64,19001
2025-09-08T13:34:37.966500,2073850,THE FINALS,67,68,22595
2025-09-08T13:34:37.966500,294100,RimWorld,68,60,45666
2025-09-08T13:34:37.966500,108600,Project Zomboid,69,69,30660
2025-09-08T13:34:37.966500,1551360,Forza Horizon 5,70,66,17360
2025-09-08T13:34:37.966500,489830,The Elder Scrolls V: Skyrim Special Edition,71,72,27544
2025-09-08T13:34:37.966500,3513350,Wuthering Waves,72,70,16152
2025-09-08T13:34:37.966500,646570,Slay the Spire,73,79,18593
2025-09-08T13:34:37.966500,714010,Aimlabs,74,77,6945
2025-09-08T13:34:37.966500,2300320,Farming Simulator 25,75,81,42021
2025-09-08T13:34:37.966500,1085660,Destiny 2,76,75,28075
2025-09-08T13:34:37.966500,1144200,Ready or Not,77,71,14161
2025-09-08T13:34:37.966500,2246340,Monster Hunter Wilds,78,61,27268
2025-09-08T13:34:37.966500,1623730,Palworld,79,76,36921
2025-09-08T13:34:37.966500,1905180,OBS Studio,80,84,24755
2025-09-08T13:34:37.966500,2379780,Balatro,81,78,12314
2025-09-08T13:34:37.966500,2878980,NBA 2K25,82,74,21713
2025-09-08T13:34:37.966500,892970,Valheim,83,82,33214
2025-09-08T13:34:37.966500,1329410,1329410,84,73,15275
2025-09-08T13:34:37.966500,629520,Soundpad,85,87,22602
2025-09-08T13:34:37.966500,960090,Bloons TD 6,86,80,11574
2025-09-08T13:34:37.966500,813780,Age of Empires II: Definitive Edition,87,85,23745
2025-09-08T13:34:37.966500,261550,Mount & Blade II: Bannerlord,88,86,31839
2025-09-08T13:34:37.966500,2642680,Half Sword Tech Demo,89,89,7195
2025-09-08T13:34:37.966500,393380,Squad,90,108,19518
2025-09-08T13:34:37.966500,2139460,Once Human,91,90,30224
2025-09-08T13:34:37.966500,1158310,Crusader Kings III,92,92,26009
2025-09-08T13:34:37.966500,526870,Satisfactory,93,88,31481
2025-09-08T13:34:37.966500,990080,Hogwarts Legacy,94,83,21080
2025-09-08T13:34:37.966500,346110,ARK: Survival Evolved,95,93,29726
2025-09-08T13:34:37.966500,292030,The Witcher 3: Wild Hunt,96,91,21883
2025-09-08T13:34:37.966500,3472040,NBA 2K26,97,-1,32055
2025-09-08T13:34:37.966500,1407200,World of Tanks,98,133,20917
2025-09-08T13:34:37.966500,377160,Fallout 4,99,97,20488
2025-09-08T13:34:37.966500,594650,Hunt: Showdown 1896,100,96,21288
2025-09-08T13:58:28.913251,730,Counter-Strike 2,1,1,1498141
2025-09-08T13:58:28.913251,570,Dota 2,2,3,840351
2025-09-08T13:58:28.913251,578080,PUBG: BATTLEGROUNDS,3,2,681274
2025-09-08T13:58:28.913251,431960,Wallpaper Engine,4,4,130687
2025-09-08T13:58:28.913251,1030300,Hollow Knight: Silksong,5,-1,568120
2025-09-08T13:58:28.913251,553850,HELLDIVERS™ 2,6,7,159127
2025-09-08T13:58:28.913251,1172470,Apex Legends™,7,6,196815
2025-09-08T13:58:28.913251,2694490,Path of Exile 2,8,5,261039
2025-09-08T13:58:28.913251,2767030,Marvel Rivals,9,10,99894
2025-09-08T13:58:28.913251,2507950,Delta Force,10,9,209372
2025-09-08T13:58:28.913251,367520,Hollow Knight,11,17,95655
2025-09-08T13:58:28.913251,359550,Tom Clancy's Rainbow Six® Siege X,12,13,94483
2025-09-08T13:58:28.913251,236390,War Thunder,13,11,80978
2025-09-08T13:58:28.913251,413150,Stardew Valley,14,12,117882
2025-09-08T13:58:28.913251,3527290,PEAK,15,8,56074
2025-09-08T13:58:28.913251,381210,Dead by Daylight,16,14,77912
2025-09-08T13:58:28.913251,275850,No Man's Sky,17,16,110893
2025-09-08T13:58:28.913251,1203220,NARAKA: BLADEPOINT,18,15,127666
2025-09-08T13:58:28.913251,271590,Grand Theft Auto V Legacy,19,18,98865
2025-09-08T13:58:28.913251,252490,Rust,20,24,143875
2025-09-08T13:58:28.913251,1086940,Baldur's Gate 3,21,26,90551
2025-09-08T13:58:28.913251,1938090,Call of Duty®,22,21,62663
2025-09-08T13:58:28.913251,3240220,Grand Theft Auto V Enhanced,23,22,69157
2025-09-08T13:58:28.913251,2669320,EA SPORTS FC™ 25,24,19,52512
2025-09-08T13:58:28.913251,440,Team Fortress 2,25,27,68128
2025-09-08T13:58:28.913251,105600,Terraria,26,25,33530
2025-09-08T13:58:28.913251,227300,Euro Truck Simulator 2,27,23,48198
2025-09-08T13:58:28.913251,2357570,Overwatch® 2,28,28,44378
2025-09-08T13:58:28.913251,3241660,R.E.P.O.,29,30,40447
2025-09-08T13:58:28.913251,230410,Warframe,30,31,59081
2025-09-08T13:58:28.913251,1174180,Red Dead Redemption 2,31,36,57697
2025-09-08T13:58:28.913251,550,Left 4 Dead 2,32,34,33854
2025-09-08T13:58:28.913251,1517290,Battlefield™ 2042,33,20,46535
2025-09-08T13:58:28.913251,1091500,Cyberpunk 2077,34,29,54408
2025-09-08T13:58:28.913251,322170,Geometry Dash,35,32,35217
2025-09-08T13:58:28.913251,1973530,Limbus Company,36,35,37046
2025-09-08T13:58:28.913251,438100,VRChat,37,37,59062
2025-09-08T13:58:28.913251,1422450,Deadlock,38,33,55216
2025-09-08T13:58:28.913251,394360,Hearts of Iron IV,39,38,58818
2025-09-08T13:58:28.913251,322330,饥荒联机版,40,40,48912
2025-09-08T13:58:28.913251,284160,BeamNG.drive,41,42,30133
2025-09-08T13:58:28.913251,1222670,The Sims™ 4,42,44,37234
2025-09-08T13:58:28.913251,3419430,Bongo Cat,43,47,126595
2025-09-08T13:58:28.913251,2584990,Shadowverse: Worlds Beyond,44,41,40239
2025-09-08T13:58:28.913251,3164500,Schedule I,45,57,41914
2025-09-08T13:58:28.913251,1245620,ELDEN RING,46,43,40480
2025-09-08T13:58:28.913251,4000,Garry's Mod,47,49,32260
2025-09-08T13:58:28.913251,2622380,ELDEN RING NIGHTREIGN,48,39,44195
2025-09-08T13:58:28.913251,252950,Rocket League®,49,52,25150
2025-09-08T13:58:28.913251,250900,The Binding of Isaac: Rebirth,50,45,22864
2025-09-08T13:58:28.913251,2183900,"Warhammer 40,000: Space Marine 2",51,107,34186
2025-09-08T13:58:28.913251,1281930,tModLoader,52,48,35217
2025-09-08T13:58:28.913251,289070,Sid Meier’s Civilization® VI,53,53,49398
2025-09-08T13:58:28.913251,1366800,Crosshair X,54,56,59034
2025-09-08T13:58:28.913251,3224770,Umamusume: Pretty Derby,55,46,23977
2025-09-08T13:58:28.913251,1364780,Street Fighter™ 6,56,51,34957
2025-09-08T13:58:28.913251,251570,7 Days to Die,57,54,48549
2025-09-08T13:58:28.913251,1449850,Yu-Gi-Oh! Master Duel,58,55,15091
2025-09-08T13:58:28.913251,2358720,Black Myth: Wukong,59,50,34510
2025-09-08T13:58:28.913251,2252570,Football Manager 2024,60,59,74281
2025-09-08T13:58:28.913251,739630,Phasmophobia,61,58,20927
2025-09-08T13:58:28.913251,1142710,Total War: WARHAMMER III,62,65,38887
2025-09-08T13:58:28.913251,221100,DayZ,63,62,62953
2025-09-08T13:58:28.913251,291550,Brawlhalla,64,63,14886
2025-09-08T13:58:28.913251,244210,Assetto Corsa,65,67,16340
2025-09-08T13:58:28.913251,1665460,eFootball™,66,64,19001
2025-09-08T13:58:28.913251,2073850,THE FINALS,67,68,22595
2025-09-08T13:58:28.913251,294100,RimWorld,68,60,45666
2025-09-08T13:58:28.913251,108600,Project Zomboid,69,69,30660
2025-09-08T13:58:28.913251,1551360,Forza Horizon 5,70,66,17360
2025-09-08T13:58:28.913251,489830,The Elder Scrolls V: Skyrim Special Edition,71,72,27544
2025-09-08T13:58:28.913251,3513350,Wuthering Waves,72,70,16152
2025-09-08T13:58:28.913251,646570,Slay the Spire,73,79,18593
2025-09-08T13:58:28.913251,714010,Aimlabs,74,77,6945
2025-09-08T13:58:28.913251,2300320,Farming Simulator 25,75,81,42021
2025-09-08T13:58:28.913251,1085660,Destiny 2,76,75,28075
2025-09-08T13:58:28.913251,1144200,Ready or Not,77,71,14161
2025-09-08T13:58:28.913251,2246340,Monster Hunter Wilds,78,61,27268
2025-09-08T13:58:28.913251,1623730,Palworld,79,76,36921
2025-09-08T13:58:28.913251,1905180,OBS Studio,80,84,24755
2025-09-08T13:58:28.913251,2379780,Balatro,81,78,12314
2025-09-08T13:58:28.913251,2878980,NBA 2K25,82,74,21713
2025-09-08T13:58:28.913251,892970,Valheim,83,82,33214
2025-09-08T13:58:28.913251,1329410,1329410,84,73,15275
2025-09-08T13:58:28.913251,629520,Soundpad,85,87,22602
2025-09-08T13:58:28.913251,960090,Bloons TD 6,86,80,11574
2025-09-08T13:58:28.913251,813780,Age of Empires II: Definitive Edition,87,85,23745
2025-09-08T13:58:28.913251,261550,Mount & Blade II: Bannerlord,88,86,31839
2025-09-08T13:58:28.913251,2642680,Half Sword Tech Demo,89,89,7195
2025-09-08T13:58:28.913251,393380,Squad,90,108,19518
2025-09-08T13:58:28.913251,2139460,Once Human,91,90,30224
2025-09-08T13:58:28.913251,1158310,Crusader Kings III,92,92,26009
2025-09-08T13:58:28.913251,526870,Satisfactory,93,88,31481
2025-09-08T13:58:28.913251,990080,Hogwarts Legacy,94,83,21080
2025-09-08T13:58:28.913251,346110,ARK: Survival Evolved,95,93,29726
2025-09-08T13:58:28.913251,292030,The Witcher 3: Wild Hunt,96,91,21883
2025-09-08T13:58:28.913251,3472040,NBA 2K26,97,-1,32055
2025-09-08T13:58:28.913251,1407200,World of Tanks,98,133,20917
2025-09-08T13:58:28.913251,377160,Fallout 4,99,97,20488
2025-09-08T13:58:28.913251,594650,Hunt: Showdown 1896,100,96,21288
2025-09-08T14:02:35.345038,730,Counter-Strike 2,1,1,1498141
2025-09-08T14:02:35.345038,570,Dota 2,2,3,840351
2025-09-08T14:02:35.345038,578080,PUBG: BATTLEGROUNDS,3,2,681274
2025-09-08T14:02:35.345038,431960,Wallpaper Engine,4,4,130687
2025-09-08T14:02:35.345038,1030300,Hollow Knight: Silksong,5,-1,568120
2025-09-08T14:02:35.345038,553850,HELLDIVERS™ 2,6,7,159127
2025-09-08T14:02:35.345038,1172470,Apex Legends™,7,6,196815
2025-09-08T14:02:35.345038,2694490,Path of Exile 2,8,5,261039
2025-09-08T14:02:35.345038,2767030,Marvel Rivals,9,10,99894
2025-09-08T14:02:35.345038,2507950,Delta Force,10,9,209372
2025-09-08T14:02:35.345038,367520,Hollow Knight,11,17,95655
2025-09-08T14:02:35.345038,359550,Tom Clancy's Rainbow Six® Siege X,12,13,94483
2025-09-08T14:02:35.345038,236390,War Thunder,13,11,80978
2025-09-08T14:02:35.345038,413150,Stardew Valley,14,12,117882
2025-09-08T14:02:35.345038,3527290,PEAK,15,8,56074
2025-09-08T14:02:35.345038,381210,Dead by Daylight,16,14,77912
2025-09-08T14:02:35.345038,275850,No Man's Sky,17,16,110893
2025-09-08T14:02:35.345038,1203220,NARAKA: BLADEPOINT,18,15,127666
2025-09-08T14:02:35.345038,271590,Grand Theft Auto V Legacy,19,18,98865
2025-09-08T14:02:35.345038,252490,Rust,20,24,143875
2025-09-08T14:02:35.345038,1086940,Baldur's Gate 3,21,26,90551
2025-09-08T14:02:35.345038,1938090,Call of Duty®,22,21,62663
2025-09-08T14:02:35.345038,3240220,Grand Theft Auto V Enhanced,23,22,69157
2025-09-08T14:02:35.345038,2669320,EA SPORTS FC™ 25,24,19,52512
2025-09-08T14:02:35.345038,440,Team Fortress 2,25,27,68128
2025-09-08T14:02:35.345038,105600,Terraria,26,25,33530
2025-09-08T14:02:35.345038,227300,Euro Truck Simulator 2,27,23,48198
2025-09-08T14:02:35.345038,2357570,Overwatch® 2,28,28,44378
2025-09-08T14:02:35.345038,3241660,R.E.P.O.,29,30,40447
2025-09-08T14:02:35.345038,230410,Warframe,30,31,59081
2025-09-08T14:02:35.345038,1174180,Red Dead Redemption 2,31,36,57697
2025-09-08T14:02:35.345038,550,Left 4 Dead 2,32,34,33854
2025-09-08T14:02:35.345038,1517290,Battlefield™ 2042,33,20,46535
2025-09-08T14:02:35.345038,1091500,Cyberpunk 2077,34,29,54408
2025-09-08T14:02:35.345038,322170,Geometry Dash,35,32,35217
2025-09-08T14:02:35.345038,1973530,Limbus Company,36,35,37046
2025-09-08T14:02:35.345038,438100,VRChat,37,37,59062
2025-09-08T14:02:35.345038,1422450,Deadlock,38,33,55216
2025-09-08T14:02:35.345038,394360,Hearts of Iron IV,39,38,58818
2025-09-08T14:02:35.345038,322330,饥荒联机版,40,40,48912
2025-09-08T14:02:35.345038,284160,BeamNG.drive,41,42,30133
2025-09-08T14:02:35.345038,1222670,The Sims™ 4,42,44,37234
2025-09-08T14:02:35.345038,3419430,Bongo Cat,43,47,126595
2025-09-08T14:02:35.345038,2584990,Shadowverse: Worlds Beyond,44,41,40239
2025-09-08T14:02:35.345038,3164500,Schedule I,45,57,41914
2025-09-08T14:02:35.345038,1245620,ELDEN RING,46,43,40480
2025-09-08T14:02:35.345038,4000,Garry's Mod,47,49,32260
2025-09-08T14:02:35.345038,2622380,ELDEN RING NIGHTREIGN,48,39,44195
2025-09-08T14:02:35.345038,252950,Rocket League®,49,52,25150
2025-09-08T14:02:35.345038,250900,The Binding of Isaac: Rebirth,50,45,22864
2025-09-08T14:02:35.345038,2183900,"Warhammer 40,000: Space Marine 2",51,107,34186
2025-09-08T14:02:35.345038,1281930,tModLoader,52,48,35217
2025-09-08T14:02:35.345038,289070,Sid Meier’s Civilization® VI,53,53,49398
2025-09-08T14:02:35.345038,1366800,Crosshair X,54,56,59034
2025-09-08T14:02:35.345038,3224770,Umamusume: Pretty Derby,55,46,23977
2025-09-08T14:02:35.345038,1364780,Street Fighter™ 6,56,51,34957
2025-09-08T14:02:35.345038,251570,7 Days to Die,57,54,48549
2025-09-08T14:02:35.345038,1449850,Yu-Gi-Oh! Master Duel,58,55,15091
2025-09-08T14:02:35.345038,2358720,Black Myth: Wukong,59,50,34510
2025-09-08T14:02:35.345038,2252570,Football Manager 2024,60,59,74281
2025-09-08T14:02:35.345038,739630,Phasmophobia,61,58,20927
2025-09-08T14:02:35.345038,1142710,Total War: WARHAMMER III,62,65,38887
2025-09-08T14:02:35.345038,221100,DayZ,63,62,62953
2025-09-08T14:02:35.345038,291550,Brawlhalla,64,63,14886
2025-09-08T14:02:35.345038,244210,Assetto Corsa,65,67,16340
2025-09-08T14:02:35.345038,1665460,eFootball™,66,64,19001
2025-09-08T14:02:35.345038,2073850,THE FINALS,67,68,22595
2025-09-08T14:02:35.345038,294100,RimWorld,68,60,45666
2025-09-08T14:02:35.345038,108600,Project Zomboid,69,69,30660
2025-09-08T14:02:35.345038,1551360,Forza Horizon 5,70,66,17360
2025-09-08T14:02:35.345038,489830,The Elder Scrolls V: Skyrim Special Edition,71,72,27544
2025-09-08T14:02:35.345038,3513350,Wuthering Waves,72,70,16152
2025-09-08T14:02:35.345038,646570,Slay the Spire,73,79,18593
2025-09-08T14:02:35.345038,714010,Aimlabs,74,77,6945
2025-09-08T14:02:35.345038,2300320,Farming Simulator 25,75,81,42021
2025-09-08T14:02:35.345038,1085660,Destiny 2,76,75,28075
2025-09-08T14:02:35.345038,1144200,Ready or Not,77,71,14161
2025-09-08T14:02:35.345038,2246340,Monster Hunter Wilds,78,61,27268
2025-09-08T14:02:35.345038,1623730,Palworld,79,76,36921
2025-09-08T14:02:35.345038,1905180,OBS Studio,80,84,24755
2025-09-08T14:02:35.345038,2379780,Balatro,81,78,12314
2025-09-08T14:02:35.345038,2878980,NBA 2K25,82,74,21713
2025-09-08T14:02:35.345038,892970,Valheim,83,82,33214
2025-09-08T14:02:35.345038,1329410,1329410,84,73,15275
2025-09-08T14:02:35.345038,629520,Soundpad,85,87,22602
2025-09-08T14:02:35.345038,960090,Bloons TD 6,86,80,11574
2025-09-08T14:02:35.345038,813780,Age of Empires II: Definitive Edition,87,85,23745
2025-09-08T14:02:35.345038,261550,Mount & Blade II: Bannerlord,88,86,31839
2025-09-08T14:02:35.345038,2642680,Half Sword Tech Demo,89,89,7195
2025-09-08T14:02:35.345038,393380,Squad,90,108,19518
2025-09-08T14:02:35.345038,2139460,Once Human,91,90,30224
2025-09-08T14:02:35.345038,1158310,Crusader Kings III,92,92,26009
2025-09-08T14:02:35.345038,526870,Satisfactory,93,88,31481
2025-09-08T14:02:35.345038,990080,Hogwarts Legacy,94,83,21080
2025-09-08T14:02:35.345038,346110,ARK: Survival Evolved,95,93,29726
2025-09-08T14:02:35.345038,292030,The Witcher 3: Wild Hunt,96,91,21883
2025-09-08T14:02:35.345038,3472040,NBA 2K26,97,-1,32055
2025-09-08T14:02:35.345038,1407200,World of Tanks,98,133,20917
2025-09-08T14:02:35.345038,377160,Fallout 4,99,97,20488
2025-09-08T14:02:35.345038,594650,Hunt: Showdown 1896,100,96,21288
2025-09-08T14:06:56.382317,730,Counter-Strike 2,1,1,1498141
2025-09-08T14:06:56.382317,570,Dota 2,2,3,840351
2025-09-08T14:06:56.382317,578080,PUBG: BATTLEGROUNDS,3,2,681274
2025-09-08T14:06:56.382317,431960,Wallpaper Engine,4,4,130687
2025-09-08T14:06:56.382317,1030300,Hollow Knight: Silksong,5,-1,568120
2025-09-08T14:06:56.382317,553850,HELLDIVERS™ 2,6,7,159127
2025-09-08T14:06:56.382317,1172470,Apex Legends™,7,6,196815
2025-09-08T14:06:56.382317,2694490,Path of Exile 2,8,5,261039
2025-09-08T14:06:56.382317,2767030,Marvel Rivals,9,10,99894
2025-09-08T14:06:56.382317,2507950,Delta Force,10,9,209372
2025-09-08T14:06:56.382317,367520,Hollow Knight,11,17,95655
2025-09-08T14:06:56.382317,359550,Tom Clancy's Rainbow Six® Siege X,12,13,94483
2025-09-08T14:06:56.382317,236390,War Thunder,13,11,80978
2025-09-08T14:06:56.382317,413150,Stardew Valley,14,12,117882
2025-09-08T14:06:56.382317,3527290,PEAK,15,8,56074
2025-09-08T14:06:56.382317,381210,Dead by Daylight,16,14,77912
2025-09-08T14:06:56.382317,275850,No Man's Sky,17,16,110893
2025-09-08T14:06:56.382317,1203220,NARAKA: BLADEPOINT,18,15,127666
2025-09-08T14:06:56.382317,271590,Grand Theft Auto V Legacy,19,18,98865
2025-09-08T14:06:56.382317,252490,Rust,20,24,143875
2025-09-08T14:06:56.382317,1086940,Baldur's Gate 3,21,26,90551
2025-09-08T14:06:56.382317,1938090,Call of Duty®,22,21,62663
2025-09-08T14:06:56.382317,3240220,Grand Theft Auto V Enhanced,23,22,69157
2025-09-08T14:06:56.382317,2669320,EA SPORTS FC™ 25,24,19,52512
2025-09-08T14:06:56.382317,440,Team Fortress 2,25,27,68128
2025-09-08T14:06:56.382317,105600,Terraria,26,25,33530
2025-09-08T14:06:56.382317,227300,Euro Truck Simulator 2,27,23,48198
2025-09-08T14:06:56.382317,2357570,Overwatch® 2,28,28,44378
2025-09-08T14:06:56.382317,3241660,R.E.P.O.,29,30,40447
2025-09-08T14:06:56.382317,230410,Warframe,30,31,59081
2025-09-08T14:06:56.382317,1174180,Red Dead Redemption 2,31,36,57697
2025-09-08T14:06:56.382317,550,Left 4 Dead 2,32,34,33854
2025-09-08T14:06:56.382317,1517290,Battlefield™ 2042,33,20,46535
2025-09-08T14:06:56.382317,1091500,Cyberpunk 2077,34,29,54408
2025-09-08T14:06:56.382317,322170,Geometry Dash,35,32,35217
2025-09-08T14:06:56.382317,1973530,Limbus Company,36,35,37046
2025-09-08T14:06:56.382317,438100,VRChat,37,37,59062
2025-09-08T14:06:56.382317,1422450,Deadlock,38,33,55216
2025-09-08T14:06:56.382317,394360,Hearts of Iron IV,39,38,58818
2025-09-08T14:06:56.382317,322330,饥荒联机版,40,40,48912
2025-09-08T14:06:56.382317,284160,BeamNG.drive,41,42,30133
2025-09-08T14:06:56.382317,1222670,The Sims™ 4,42,44,37234
2025-09-08T14:06:56.382317,3419430,Bongo Cat,43,47,126595
2025-09-08T14:06:56.382317,2584990,Shadowverse: Worlds Beyond,44,41,40239
2025-09-08T14:06:56.382317,3164500,Schedule I,45,57,41914
2025-09-08T14:06:56.382317,1245620,ELDEN RING,46,43,40480
2025-09-08T14:06:56.382317,4000,Garry's Mod,47,49,32260
2025-09-08T14:06:56.382317,2622380,ELDEN RING NIGHTREIGN,48,39,44195
2025-09-08T14:06:56.382317,252950,Rocket League®,49,52,25150
2025-09-08T14:06:56.382317,250900,The Binding of Isaac: Rebirth,50,45,22864
2025-09-08T14:06:56.382317,2183900,"Warhammer 40,000: Space Marine 2",51,107,34186
2025-09-08T14:06:56.382317,1281930,tModLoader,52,48,35217
2025-09-08T14:06:56.382317,289070,Sid Meier’s Civilization® VI,53,53,49398
2025-09-08T14:06:56.382317,1366800,Crosshair X,54,56,59034
2025-09-08T14:06:56.382317,3224770,Umamusume: Pretty Derby,55,46,23977
2025-09-08T14:06:56.382317,1364780,Street Fighter™ 6,56,51,34957
2025-09-08T14:06:56.382317,251570,7 Days to Die,57,54,48549
2025-09-08T14:06:56.382317,1449850,Yu-Gi-Oh! Master Duel,58,55,15091
2025-09-08T14:06:56.382317,2358720,Black Myth: Wukong,59,50,34510
2025-09-08T14:06:56.382317,2252570,Football Manager 2024,60,59,74281
2025-09-08T14:06:56.382317,739630,Phasmophobia,61,58,20927
2025-09-08T14:06:56.382317,1142710,Total War: WARHAMMER III,62,65,38887
2025-09-08T14:06:56.382317,221100,DayZ,63,62,62953
2025-09-08T14:06:56.382317,291550,Brawlhalla,64,63,14886
2025-09-08T14:06:56.382317,244210,Assetto Corsa,65,67,16340
2025-09-08T14:06:56.382317,1665460,eFootball™,66,64,19001
2025-09-08T14:06:56.382317,2073850,THE FINALS,67,68,22595
2025-09-08T14:06:56.382317,294100,RimWorld,68,60,45666
2025-09-08T14:06:56.382317,108600,Project Zomboid,69,69,30660
2025-09-08T14:06:56.382317,1551360,Forza Horizon 5,70,66,17360
2025-09-08T14:06:56.382317,489830,The Elder Scrolls V: Skyrim Special Edition,71,72,27544
2025-09-08T14:06:56.382317,3513350,Wuthering Waves,72,70,16152
2025-09-08T14:06:56.382317,646570,Slay the Spire,73,79,18593
2025-09-08T14:06:56.382317,714010,Aimlabs,74,77,6945
2025-09-08T14:06:56.382317,2300320,Farming Simulator 25,75,81,42021
2025-09-08T14:06:56.382317,1085660,Destiny 2,76,75,28075
2025-09-08T14:06:56.382317,1144200,Ready or Not,77,71,14161
2025-09-08T14:06:56.382317,2246340,Monster Hunter Wilds,78,61,27268
2025-09-08T14:06:56.382317,1623730,Palworld,79,76,36921
2025-09-08T14:06:56.382317,1905180,OBS Studio,80,84,24755
2025-09-08T14:06:56.382317,2379780,Balatro,81,78,12314
2025-09-08T14:06:56.382317,2878980,NBA 2K25,82,74,21713
2025-09-08T14:06:56.382317,892970,Valheim,83,82,33214
2025-09-08T14:06:56.382317,1329410,1329410,84,73,15275
2025-09-08T14:06:56.382317,629520,Soundpad,85,87,22602
2025-09-08T14:06:56.382317,960090,Bloons TD 6,86,80,11574
2025-09-08T14:06:56.382317,813780,Age of Empires II: Definitive Edition,87,85,23745
2025-09-08T14:06:56.382317,261550,Mount & Blade II: Bannerlord,88,86,31839
2025-09-08T14:06:56.382317,2642680,Half Sword Tech Demo,89,89,7195
2025-09-08T14:06:56.382317,393380,Squad,90,108,19518
2025-09-08T14:06:56.382317,2139460,Once Human,91,90,30224
2025-09-08T14:06:56.382317,1158310,Crusader Kings III,92,92,26009
2025-09-08T14:06:56.382317,526870,Satisfactory,93,88,31481
2025-09-08T14:06:56.382317,990080,Hogwarts Legacy,94,83,21080
2025-09-08T14:06:56.382317,346110,ARK: Survival Evolved,95,93,29726
2025-09-08T14:06:56.382317,292030,The Witcher 3: Wild Hunt,96,91,21883
2025-09-08T14:06:56.382317,3472040,NBA 2K26,97,-1,32055
2025-09-08T14:06:56.382317,1407200,World of Tanks,98,133,20917
2025-09-08T14:06:56.382317,377160,Fallout 4,99,97,20488
2025-09-08T14:06:56.382317,594650,Hunt: Showdown 1896,100,96,21288
2025-09-08T14:26:54.971244,730,Counter-Strike 2,1,1,1498141
2025-09-08T14:26:54.971244,570,Dota 2,2,3,840351
2025-09-08T14:26:54.971244,578080,PUBG: BATTLEGROUNDS,3,2,681274
2025-09-08T14:26:54.971244,431960,Wallpaper Engine,4,4,130687
2025-09-08T14:26:54.971244,1030300,Hollow Knight: Silksong,5,-1,568120
2025-09-08T14:26:54.971244,553850,HELLDIVERS™ 2,6,7,159127
2025-09-08T14:26:54.971244,1172470,Apex Legends™,7,6,196815
2025-09-08T14:26:54.971244,2694490,Path of Exile 2,8,5,261039
2025-09-08T14:26:54.971244,2767030,Marvel Rivals,9,10,99894
2025-09-08T14:26:54.971244,2507950,Delta Force,10,9,209372
2025-09-08T14:26:54.971244,367520,Hollow Knight,11,17,95655
2025-09-08T14:26:54.971244,359550,Tom Clancy's Rainbow Six® Siege X,12,13,94483
2025-09-08T14:26:54.971244,236390,War Thunder,13,11,80978
2025-09-08T14:26:54.971244,413150,Stardew Valley,14,12,117882
2025-09-08T14:26:54.971244,3527290,PEAK,15,8,56074
2025-09-08T14:26:54.971244,381210,Dead by Daylight,16,14,77912
2025-09-08T14:26:54.971244,275850,No Man's Sky,17,16,110893
2025-09-08T14:26:54.971244,1203220,NARAKA: BLADEPOINT,18,15,127666
2025-09-08T14:26:54.971244,271590,Grand Theft Auto V Legacy,19,18,98865
2025-09-08T14:26:54.971244,252490,Rust,20,24,143875
2025-09-08T14:26:54.971244,1086940,Baldur's Gate 3,21,26,90551
2025-09-08T14:26:54.971244,1938090,Call of Duty®,22,21,62663
2025-09-08T14:26:54.971244,3240220,Grand Theft Auto V Enhanced,23,22,69157
2025-09-08T14:26:54.971244,2669320,EA SPORTS FC™ 25,24,19,52512
2025-09-08T14:26:54.971244,440,Team Fortress 2,25,27,68128
2025-09-08T14:26:54.971244,105600,Terraria,26,25,33530
2025-09-08T14:26:54.971244,227300,Euro Truck Simulator 2,27,23,48198
2025-09-08T14:26:54.971244,2357570,Overwatch® 2,28,28,44378
2025-09-08T14:26:54.971244,3241660,R.E.P.O.,29,30,40447
2025-09-08T14:26:54.971244,230410,Warframe,30,31,59081
2025-09-08T14:26:54.971244,1174180,Red Dead Redemption 2,31,36,57697
2025-09-08T14:26:54.971244,550,Left 4 Dead 2,32,34,33854
2025-09-08T14:26:54.971244,1517290,Battlefield™ 2042,33,20,46535
2025-09-08T14:26:54.971244,1091500,Cyberpunk 2077,34,29,54408
2025-09-08T14:26:54.971244,322170,Geometry Dash,35,32,35217
2025-09-08T14:26:54.971244,1973530,Limbus Company,36,35,37046
2025-09-08T14:26:54.971244,438100,VRChat,37,37,59062
2025-09-08T14:26:54.971244,1422450,Deadlock,38,33,55216
2025-09-08T14:26:54.971244,394360,Hearts of Iron IV,39,38,58818
2025-09-08T14:26:54.971244,322330,饥荒联机版,40,40,48912
2025-09-08T14:26:54.971244,284160,BeamNG.drive,41,42,30133
2025-09-08T14:26:54.971244,1222670,The Sims™ 4,42,44,37234
2025-09-08T14:26:54.971244,3419430,Bongo Cat,43,47,126595
2025-09-08T14:26:54.971244,2584990,Shadowverse: Worlds Beyond,44,41,40239
2025-09-08T14:26:54.971244,3164500,Schedule I,45,57,41914
2025-09-08T14:26:54.971244,1245620,ELDEN RING,46,43,40480
2025-09-08T14:26:54.971244,4000,Garry's Mod,47,49,32260
2025-09-08T14:26:54.971244,2622380,ELDEN RING NIGHTREIGN,48,39,44195
2025-09-08T14:26:54.971244,252950,Rocket League®,49,52,25150
2025-09-08T14:26:54.971244,250900,The Binding of Isaac: Rebirth,50,45,22864
2025-09-08T14:26:54.971244,2183900,"Warhammer 40,000: Space Marine 2",51,107,34186
2025-09-08T14:26:54.971244,1281930,tModLoader,52,48,35217
2025-09-08T14:26:54.971244,289070,Sid Meier’s Civilization® VI,53,53,49398
2025-09-08T14:26:54.971244,1366800,Crosshair X,54,56,59034
2025-09-08T14:26:54.971244,3224770,Umamusume: Pretty Derby,55,46,23977
2025-09-08T14:26:54.971244,1364780,Street Fighter™ 6,56,51,34957
2025-09-08T14:26:54.971244,251570,7 Days to Die,57,54,48549
2025-09-08T14:26:54.971244,1449850,Yu-Gi-Oh! Master Duel,58,55,15091
2025-09-08T14:26:54.971244,2358720,Black Myth: Wukong,59,50,34510
2025-09-08T14:26:54.971244,2252570,Football Manager 2024,60,59,74281
2025-09-08T14:26:54.971244,739630,Phasmophobia,61,58,20927
2025-09-08T14:26:54.971244,1142710,Total War: WARHAMMER III,62,65,38887
2025-09-08T14:26:54.971244,221100,DayZ,63,62,62953
2025-09-08T14:26:54.971244,291550,Brawlhalla,64,63,14886
2025-09-08T14:26:54.971244,244210,Assetto Corsa,65,67,16340
2025-09-08T14:26:54.971244,1665460,eFootball™,66,64,19001
2025-09-08T14:26:54.971244,2073850,THE FINALS,67,68,22595
2025-09-08T14:26:54.971244,294100,RimWorld,68,60,45666
2025-09-08T14:26:54.971244,108600,Project Zomboid,69,69,30660
2025-09-08T14:26:54.971244,1551360,Forza Horizon 5,70,66,17360
2025-09-08T14:26:54.971244,489830,The Elder Scrolls V: Skyrim Special Edition,71,72,27544
2025-09-08T14:26:54.971244,3513350,Wuthering Waves,72,70,16152
2025-09-08T14:26:54.971244,646570,Slay the Spire,73,79,18593
2025-09-08T14:26:54.971244,714010,Aimlabs,74,77,6945
2025-09-08T14:26:54.971244,2300320,Farming Simulator 25,75,81,42021
2025-09-08T14:26:54.971244,1085660,Destiny 2,76,75,28075
2025-09-08T14:26:54.971244,1144200,Ready or Not,77,71,14161
2025-09-08T14:26:54.971244,2246340,Monster Hunter Wilds,78,61,27268
2025-09-08T14:26:54.971244,1623730,Palworld,79,76,36921
2025-09-08T14:26:54.971244,1905180,OBS Studio,80,84,24755
2025-09-08T14:26:54.971244,2379780,Balatro,81,78,12314
2025-09-08T14:26:54.971244,2878980,NBA 2K25,82,74,21713
2025-09-08T14:26:54.971244,892970,Valheim,83,82,33214
2025-09-08T14:26:54.971244,1329410,1329410,84,73,15275
2025-09-08T14:26:54.971244,629520,Soundpad,85,87,22602
2025-09-08T14:26:54.971244,960090,Bloons TD 6,86,80,11574
2025-09-08T14:26:54.971244,813780,Age of Empires II: Definitive Edition,87,85,23745
2025-09-08T14:26:54.971244,261550,Mount & Blade II: Bannerlord,88,86,31839
2025-09-08T14:26:54.971244,2642680,Half Sword Tech Demo,89,89,7195
2025-09-08T14:26:54.971244,393380,Squad,90,108,19518
2025-09-08T14:26:54.971244,2139460,Once Human,91,90,30224
2025-09-08T14:26:54.971244,1158310,Crusader Kings III,92,92,26009
2025-09-08T14:26:54.971244,526870,Satisfactory,93,88,31481
2025-09-08T14:26:54.971244,990080,Hogwarts Legacy,94,83,21080
2025-09-08T14:26:54.971244,346110,ARK: Survival Evolved,95,93,29726
2025-09-08T14:26:54.971244,292030,The Witcher 3: Wild Hunt,96,91,21883
2025-09-08T14:26:54.971244,3472040,NBA 2K26,97,-1,32055
2025-09-08T14:26:54.971244,1407200,World of Tanks,98,133,20917
2025-09-08T14:26:54.971244,377160,Fallout 4,99,97,20488
2025-09-08T14:26:54.971244,594650,Hunt: Showdown 1896,100,96,21288
2025-09-08T15:27:04.525039,730,Counter-Strike 2,1,1,1498141
2025-09-08T15:27:04.525039,570,Dota 2,2,3,840351
2025-09-08T15:27:04.525039,578080,PUBG: BATTLEGROUNDS,3,2,681274
2025-09-08T15:27:04.525039,431960,Wallpaper Engine,4,4,130687
2025-09-08T15:27:04.525039,1030300,Hollow Knight: Silksong,5,-1,568120
2025-09-08T15:27:04.525039,553850,HELLDIVERS™ 2,6,7,159127
2025-09-08T15:27:04.525039,1172470,Apex Legends™,7,6,196815
2025-09-08T15:27:04.525039,2694490,Path of Exile 2,8,5,261039
2025-09-08T15:27:04.525039,2767030,Marvel Rivals,9,10,99894
2025-09-08T15:27:04.525039,2507950,Delta Force,10,9,209372
2025-09-08T15:27:04.525039,367520,Hollow Knight,11,17,95655
2025-09-08T15:27:04.525039,359550,Tom Clancy's Rainbow Six® Siege X,12,13,94483
2025-09-08T15:27:04.525039,236390,War Thunder,13,11,80978
2025-09-08T15:27:04.525039,413150,Stardew Valley,14,12,117882
2025-09-08T15:27:04.525039,3527290,PEAK,15,8,56074
2025-09-08T15:27:04.525039,381210,Dead by Daylight,16,14,77912
2025-09-08T15:27:04.525039,275850,No Man's Sky,17,16,110893
2025-09-08T15:27:04.525039,1203220,NARAKA: BLADEPOINT,18,15,127666
2025-09-08T15:27:04.525039,271590,Grand Theft Auto V Legacy,19,18,98865
2025-09-08T15:27:04.525039,252490,Rust,20,24,143875
2025-09-08T15:27:04.525039,1086940,Baldur's Gate 3,21,26,90551
2025-09-08T15:27:04.525039,1938090,Call of Duty®,22,21,62663
2025-09-08T15:27:04.525039,3240220,Grand Theft Auto V Enhanced,23,22,69157
2025-09-08T15:27:04.525039,2669320,EA SPORTS FC™ 25,24,19,52512
2025-09-08T15:27:04.525039,440,Team Fortress 2,25,27,68128
2025-09-08T15:27:04.525039,105600,Terraria,26,25,33530
2025-09-08T15:27:04.525039,227300,Euro Truck Simulator 2,27,23,48198
2025-09-08T15:27:04.525039,2357570,Overwatch® 2,28,28,44378
2025-09-08T15:27:04.525039,3241660,R.E.P.O.,29,30,40447
2025-09-08T15:27:04.525039,230410,Warframe,30,31,59081
2025-09-08T15:27:04.525039,1174180,Red Dead Redemption 2,31,36,57697
2025-09-08T15:27:04.525039,550,Left 4 Dead 2,32,34,33854
2025-09-08T15:27:04.525039,1517290,Battlefield™ 2042,33,20,46535
2025-09-08T15:27:04.525039,1091500,Cyberpunk 2077,34,29,54408
2025-09-08T15:27:04.525039,322170,Geometry Dash,35,32,35217
2025-09-08T15:27:04.525039,1973530,Limbus Company,36,35,37046
2025-09-08T15:27:04.525039,438100,VRChat,37,37,59062
2025-09-08T15:27:04.525039,1422450,Deadlock,38,33,55216
2025-09-08T15:27:04.525039,394360,Hearts of Iron IV,39,38,58818
2025-09-08T15:27:04.525039,322330,饥荒联机版,40,40,48912
2025-09-08T15:27:04.525039,284160,BeamNG.drive,41,42,30133
2025-09-08T15:27:04.525039,1222670,The Sims™ 4,42,44,37234
2025-09-08T15:27:04.525039,3419430,Bongo Cat,43,47,126595
2025-09-08T15:27:04.525039,2584990,Shadowverse: Worlds Beyond,44,41,40239
2025-09-08T15:27:04.525039,3164500,Schedule I,45,57,41914
2025-09-08T15:27:04.525039,1245620,ELDEN RING,46,43,40480
2025-09-08T15:27:04.525039,4000,Garry's Mod,47,49,32260
2025-09-08T15:27:04.525039,2622380,ELDEN RING NIGHTREIGN,48,39,44195
2025-09-08T15:27:04.525039,252950,Rocket League®,49,52,25150
2025-09-08T15:27:04.525039,250900,The Binding of Isaac: Rebirth,50,45,22864
2025-09-08T15:27:04.525039,2183900,"Warhammer 40,000: Space Marine 2",51,107,34186
2025-09-08T15:27:04.525039,1281930,tModLoader,52,48,35217
2025-09-08T15:27:04.525039,289070,Sid Meier’s Civilization® VI,53,53,49398
2025-09-08T15:27:04.525039,1366800,Crosshair X,54,56,59034
2025-09-08T15:27:04.525039,3224770,Umamusume: Pretty Derby,55,46,23977
2025-09-08T15:27:04.525039,1364780,Street Fighter™ 6,56,51,34957
2025-09-08T15:27:04.525039,251570,7 Days to Die,57,54,48549
2025-09-08T15:27:04.525039,1449850,Yu-Gi-Oh! Master Duel,58,55,15091
2025-09-08T15:27:04.525039,2358720,Black Myth: Wukong,59,50,34510
2025-09-08T15:27:04.525039,2252570,Football Manager 2024,60,59,74281
2025-09-08T15:27:04.525039,739630,Phasmophobia,61,58,20927
2025-09-08T15:27:04.525039,1142710,Total War: WARHAMMER III,62,65,38887
2025-09-08T15:27:04.525039,221100,DayZ,63,62,62953
2025-09-08T15:27:04.525039,291550,Brawlhalla,64,63,14886
2025-09-08T15:27:04.525039,244210,Assetto Corsa,65,67,16340
2025-09-08T15:27:04.525039,1665460,eFootball™,66,64,19001
2025-09-08T15:27:04.525039,2073850,THE FINALS,67,68,22595
2025-09-08T15:27:04.525039,294100,RimWorld,68,60,45666
2025-09-08T15:27:04.525039,108600,Project Zomboid,69,69,30660
2025-09-08T15:27:04.525039,1551360,Forza Horizon 5,70,66,17360
2025-09-08T15:27:04.525039,489830,The Elder Scrolls V: Skyrim Special Edition,71,72,27544
2025-09-08T15:27:04.525039,3513350,Wuthering Waves,72,70,16152
2025-09-08T15:27:04.525039,646570,Slay the Spire,73,79,18593
2025-09-08T15:27:04.525039,714010,Aimlabs,74,77,6945
2025-09-08T15:27:04.525039,2300320,Farming Simulator 25,75,81,42021
2025-09-08T15:27:04.525039,1085660,Destiny 2,76,75,28075
2025-09-08T15:27:04.525039,1144200,Ready or Not,77,71,14161
2025-09-08T15:27:04.525039,2246340,Monster Hunter Wilds,78,61,27268
2025-09-08T15:27:04.525039,1623730,Palworld,79,76,36921
2025-09-08T15:27:04.525039,1905180,OBS Studio,80,84,24755
2025-09-08T15:27:04.525039,2379780,Balatro,81,78,12314
2025-09-08T15:27:04.525039,2878980,NBA 2K25,82,74,21713
2025-09-08T15:27:04.525039,892970,Valheim,83,82,33214
2025-09-08T15:27:04.525039,1329410,1329410,84,73,15275
2025-09-08T15:27:04.525039,629520,Soundpad,85,87,22602
2025-09-08T15:27:04.525039,960090,Bloons TD 6,86,80,11574
2025-09-08T15:27:04.525039,813780,Age of Empires II: Definitive Edition,87,85,23745
2025-09-08T15:27:04.525039,261550,Mount & Blade II: Bannerlord,88,86,31839
2025-09-08T15:27:04.525039,2642680,Half Sword Tech Demo,89,89,7195
2025-09-08T15:27:04.525039,393380,Squad,90,108,19518
2025-09-08T15:27:04.525039,2139460,Once Human,91,90,30224
2025-09-08T15:27:04.525039,1158310,Crusader Kings III,92,92,26009
2025-09-08T15:27:04.525039,526870,Satisfactory,93,88,31481
2025-09-08T15:27:04.525039,990080,Hogwarts Legacy,94,83,21080
2025-09-08T15:27:04.525039,346110,ARK: Survival Evolved,95,93,29726
2025-09-08T15:27:04.525039,292030,The Witcher 3: Wild Hunt,96,91,21883
2025-09-08T15:27:04.525039,3472040,NBA 2K26,97,-1,32055
2025-09-08T15:27:04.525039,1407200,World of Tanks,98,133,20917
2025-09-08T15:27:04.525039,377160,Fallout 4,99,97,20488
2025-09-08T15:27:04.525039,594650,Hunt: Showdown 1896,100,96,21288
2025-09-08T16:31:10.631548,730,Counter-Strike 2,1,1,1498141
2025-09-08T16:31:10.631548,570,Dota 2,2,3,840351
2025-09-08T16:31:10.631548,578080,PUBG: BATTLEGROUNDS,3,2,681274
2025-09-08T16:31:10.631548,431960,Wallpaper Engine,4,4,130687
2025-09-08T16:31:10.631548,1030300,Hollow Knight: Silksong,5,-1,568120
2025-09-08T16:31:10.631548,553850,HELLDIVERS™ 2,6,7,159127
2025-09-08T16:31:10.631548,1172470,Apex Legends™,7,6,196815
2025-09-08T16:31:10.631548,2694490,Path of Exile 2,8,5,261039
2025-09-08T16:31:10.631548,2767030,Marvel Rivals,9,10,99894
2025-09-08T16:31:10.631548,2507950,Delta Force,10,9,209372
2025-09-08T16:31:10.631548,367520,Hollow Knight,11,17,95655
2025-09-08T16:31:10.631548,359550,Tom Clancy's Rainbow Six® Siege X,12,13,94483
2025-09-08T16:31:10.631548,236390,War Thunder,13,11,80978
2025-09-08T16:31:10.631548,413150,Stardew Valley,14,12,117882
2025-09-08T16:31:10.631548,3527290,PEAK,15,8,56074
2025-09-08T16:31:10.631548,381210,Dead by Daylight,16,14,77912
2025-09-08T16:31:10.631548,275850,No Man's Sky,17,16,110893
2025-09-08T16:31:10.631548,1203220,NARAKA: BLADEPOINT,18,15,127666
2025-09-08T16:31:10.631548,271590,Grand Theft Auto V Legacy,19,18,98865
2025-09-08T16:31:10.631548,252490,Rust,20,24,143875
2025-09-08T16:31:10.631548,1086940,Baldur's Gate 3,21,26,90551
2025-09-08T16:31:10.631548,1938090,Call of Duty®,22,21,62663
2025-09-08T16:31:10.631548,3240220,Grand Theft Auto V Enhanced,23,22,69157
2025-09-08T16:31:10.631548,2669320,EA SPORTS FC™ 25,24,19,52512
2025-09-08T16:31:10.631548,440,Team Fortress 2,25,27,68128
2025-09-08T16:31:10.631548,105600,Terraria,26,25,33530
2025-09-08T16:31:10.631548,227300,Euro Truck Simulator 2,27,23,48198
2025-09-08T16:31:10.631548,2357570,Overwatch® 2,28,28,44378
2025-09-08T16:31:10.631548,3241660,R.E.P.O.,29,30,40447
2025-09-08T16:31:10.631548,230410,Warframe,30,31,59081
2025-09-08T16:31:10.631548,1174180,Red Dead Redemption 2,31,36,57697
2025-09-08T16:31:10.631548,550,Left 4 Dead 2,32,34,33854
2025-09-08T16:31:10.631548,1517290,Battlefield™ 2042,33,20,46535
2025-09-08T16:31:10.631548,1091500,Cyberpunk 2077,34,29,54408
2025-09-08T16:31:10.631548,322170,Geometry Dash,35,32,35217
2025-09-08T16:31:10.631548,1973530,Limbus Company,36,35,37046
2025-09-08T16:31:10.631548,438100,VRChat,37,37,59062
2025-09-08T16:31:10.631548,1422450,Deadlock,38,33,55216
2025-09-08T16:31:10.631548,394360,Hearts of Iron IV,39,38,58818
2025-09-08T16:31:10.631548,322330,饥荒联机版,40,40,48912
2025-09-08T16:31:10.631548,284160,BeamNG.drive,41,42,30133
2025-09-08T16:31:10.631548,1222670,The Sims™ 4,42,44,37234
2025-09-08T16:31:10.631548,3419430,Bongo Cat,43,47,126595
2025-09-08T16:31:10.631548,2584990,Shadowverse: Worlds Beyond,44,41,40239
2025-09-08T16:31:10.631548,3164500,Schedule I,45,57,41914
2025-09-08T16:31:10.631548,1245620,ELDEN RING,46,43,40480
2025-09-08T16:31:10.631548,4000,Garry's Mod,47,49,32260
2025-09-08T16:31:10.631548,2622380,ELDEN RING NIGHTREIGN,48,39,44195
2025-09-08T16:31:10.631548,252950,Rocket League®,49,52,25150
2025-09-08T16:31:10.631548,250900,The Binding of Isaac: Rebirth,50,45,22864
2025-09-08T16:31:10.631548,2183900,"Warhammer 40,000: Space Marine 2",51,107,34186
2025-09-08T16:31:10.631548,1281930,tModLoader,52,48,35217
2025-09-08T16:31:10.631548,289070,Sid Meier’s Civilization® VI,53,53,49398
2025-09-08T16:31:10.631548,1366800,Crosshair X,54,56,59034
2025-09-08T16:31:10.631548,3224770,Umamusume: Pretty Derby,55,46,23977
2025-09-08T16:31:10.631548,1364780,Street Fighter™ 6,56,51,34957
2025-09-08T16:31:10.631548,251570,7 Days to Die,57,54,48549
2025-09-08T16:31:10.631548,1449850,Yu-Gi-Oh! Master Duel,58,55,15091
2025-09-08T16:31:10.631548,2358720,Black Myth: Wukong,59,50,34510
2025-09-08T16:31:10.631548,2252570,Football Manager 2024,60,59,74281
2025-09-08T16:31:10.631548,739630,Phasmophobia,61,58,20927
2025-09-08T16:31:10.631548,1142710,Total War: WARHAMMER III,62,65,38887
2025-09-08T16:31:10.631548,221100,DayZ,63,62,62953
2025-09-08T16:31:10.631548,291550,Brawlhalla,64,63,14886
2025-09-08T16:31:10.631548,244210,Assetto Corsa,65,67,16340
2025-09-08T16:31:10.631548,1665460,eFootball™,66,64,19001
2025-09-08T16:31:10.631548,2073850,THE FINALS,67,68,22595
2025-09-08T16:31:10.631548,294100,RimWorld,68,60,45666
2025-09-08T16:31:10.631548,108600,Project Zomboid,69,69,30660
2025-09-08T16:31:10.631548,1551360,Forza Horizon 5,70,66,17360
2025-09-08T16:31:10.631548,489830,The Elder Scrolls V: Skyrim Special Edition,71,72,27544
2025-09-08T16:31:10.631548,3513350,Wuthering Waves,72,70,16152
2025-09-08T16:31:10.631548,646570,Slay the Spire,73,79,18593
2025-09-08T16:31:10.631548,714010,Aimlabs,74,77,6945
2025-09-08T16:31:10.631548,2300320,Farming Simulator 25,75,81,42021
2025-09-08T16:31:10.631548,1085660,Destiny 2,76,75,28075
2025-09-08T16:31:10.631548,1144200,Ready or Not,77,71,14161
2025-09-08T16:31:10.631548,2246340,Monster Hunter Wilds,78,61,27268
2025-09-08T16:31:10.631548,1623730,Palworld,79,76,36921
2025-09-08T16:31:10.631548,1905180,OBS Studio,80,84,24755
2025-09-08T16:31:10.631548,2379780,Balatro,81,78,12314
2025-09-08T16:31:10.631548,2878980,NBA 2K25,82,74,21713
2025-09-08T16:31:10.631548,892970,Valheim,83,82,33214
2025-09-08T16:31:10.631548,1329410,1329410,84,73,15275
2025-09-08T16:31:10.631548,629520,Soundpad,85,87,22602
2025-09-08T16:31:10.631548,960090,Bloons TD 6,86,80,11574
2025-09-08T16:31:10.631548,813780,Age of Empires II: Definitive Edition,87,85,23745
2025-09-08T16:31:10.631548,261550,Mount & Blade II: Bannerlord,88,86,31839
2025-09-08T16:31:10.631548,2642680,Half Sword Tech Demo,89,89,7195
2025-09-08T16:31:10.631548,393380,Squad,90,108,19518
2025-09-08T16:31:10.631548,2139460,Once Human,91,90,30224
2025-09-08T16:31:10.631548,1158310,Crusader Kings III,92,92,26009
2025-09-08T16:31:10.631548,526870,Satisfactory,93,88,31481
2025-09-08T16:31:10.631548,990080,Hogwarts Legacy,94,83,21080
2025-09-08T16:31:10.631548,346110,ARK: Survival Evolved,95,93,29726
2025-09-08T16:31:10.631548,292030,The Witcher 3: Wild Hunt,96,91,21883
2025-09-08T16:31:10.631548,3472040,NBA 2K26,97,-1,32055
2025-09-08T16:31:10.631548,1407200,World of Tanks,98,133,20917
2025-09-08T16:31:10.631548,377160,Fallout 4,99,97,20488
2025-09-08T16:31:10.631548,594650,Hunt: Showdown 1896,100,96,21288
2025-09-08T17:22:16.106969,730,Counter-Strike 2,1,1,1498141
2025-09-08T17:22:16.106969,570,Dota 2,2,3,840351
2025-09-08T17:22:16.106969,578080,PUBG: BATTLEGROUNDS,3,2,681274
2025-09-08T17:22:16.106969,431960,Wallpaper Engine,4,4,130687
2025-09-08T17:22:16.106969,1030300,Hollow Knight: Silksong,5,-1,568120
2025-09-08T17:22:16.106969,553850,HELLDIVERS™ 2,6,7,159127
2025-09-08T17:22:16.106969,1172470,Apex Legends™,7,6,196815
2025-09-08T17:22:16.106969,2694490,Path of Exile 2,8,5,261039
2025-09-08T17:22:16.106969,2767030,Marvel Rivals,9,10,99894
2025-09-08T17:22:16.106969,2507950,Delta Force,10,9,209372
2025-09-08T17:22:16.106969,367520,Hollow Knight,11,17,95655
2025-09-08T17:22:16.106969,359550,Tom Clancy's Rainbow Six® Siege X,12,13,94483
2025-09-08T17:22:16.106969,236390,War Thunder,13,11,80978
2025-09-08T17:22:16.106969,413150,Stardew Valley,14,12,117882
2025-09-08T17:22:16.106969,3527290,PEAK,15,8,56074
2025-09-08T17:22:16.106969,381210,Dead by Daylight,16,14,77912
2025-09-08T17:22:16.106969,275850,No Man's Sky,17,16,110893
2025-09-08T17:22:16.106969,1203220,NARAKA: BLADEPOINT,18,15,127666
2025-09-08T17:22:16.106969,271590,Grand Theft Auto V Legacy,19,18,98865
2025-09-08T17:22:16.106969,252490,Rust,20,24,143875
2025-09-08T17:22:16.106969,1086940,Baldur's Gate 3,21,26,90551
2025-09-08T17:22:16.106969,1938090,Call of Duty®,22,21,62663
2025-09-08T17:22:16.106969,3240220,Grand Theft Auto V Enhanced,23,22,69157
2025-09-08T17:22:16.106969,2669320,EA SPORTS FC™ 25,24,19,52512
2025-09-08T17:22:16.106969,440,Team Fortress 2,25,27,68128
2025-09-08T17:22:16.106969,105600,Terraria,26,25,33530
2025-09-08T17:22:16.106969,227300,Euro Truck Simulator 2,27,23,48198
2025-09-08T17:22:16.106969,2357570,Overwatch® 2,28,28,44378
2025-09-08T17:22:16.106969,3241660,R.E.P.O.,29,30,40447
2025-09-08T17:22:16.106969,230410,Warframe,30,31,59081
2025-09-08T17:22:16.106969,1174180,Red Dead Redemption 2,31,36,57697
2025-09-08T17:22:16.106969,550,Left 4 Dead 2,32,34,33854
2025-09-08T17:22:16.106969,1517290,Battlefield™ 2042,33,20,46535
2025-09-08T17:22:16.106969,1091500,Cyberpunk 2077,34,29,54408
2025-09-08T17:22:16.106969,322170,Geometry Dash,35,32,35217
2025-09-08T17:22:16.106969,1973530,Limbus Company,36,35,37046
2025-09-08T17:22:16.106969,438100,VRChat,37,37,59062
2025-09-08T17:22:16.106969,1422450,Deadlock,38,33,55216
2025-09-08T17:22:16.106969,394360,Hearts of Iron IV,39,38,58818
2025-09-08T17:22:16.106969,322330,饥荒联机版,40,40,48912
2025-09-08T17:22:16.106969,284160,BeamNG.drive,41,42,30133
2025-09-08T17:22:16.106969,1222670,The Sims™ 4,42,44,37234
2025-09-08T17:22:16.106969,3419430,Bongo Cat,43,47,126595
2025-09-08T17:22:16.106969,2584990,Shadowverse: Worlds Beyond,44,41,40239
2025-09-08T17:22:16.106969,3164500,Schedule I,45,57,41914
2025-09-08T17:22:16.106969,1245620,ELDEN RING,46,43,40480
2025-09-08T17:22:16.106969,4000,Garry's Mod,47,49,32260
2025-09-08T17:22:16.106969,2622380,ELDEN RING NIGHTREIGN,48,39,44195
2025-09-08T17:22:16.106969,252950,Rocket League®,49,52,25150
2025-09-08T17:22:16.106969,250900,The Binding of Isaac: Rebirth,50,45,22864
2025-09-08T17:22:16.106969,2183900,"Warhammer 40,000: Space Marine 2",51,107,34186
2025-09-08T17:22:16.106969,1281930,tModLoader,52,48,35217
2025-09-08T17:22:16.106969,289070,Sid Meier’s Civilization® VI,53,53,49398
2025-09-08T17:22:16.106969,1366800,Crosshair X,54,56,59034
2025-09-08T17:22:16.106969,3224770,Umamusume: Pretty Derby,55,46,23977
2025-09-08T17:22:16.106969,1364780,Street Fighter™ 6,56,51,34957
2025-09-08T17:22:16.106969,251570,7 Days to Die,57,54,48549
2025-09-08T17:22:16.106969,1449850,Yu-Gi-Oh! Master Duel,58,55,15091
2025-09-08T17:22:16.106969,2358720,Black Myth: Wukong,59,50,34510
2025-09-08T17:22:16.106969,2252570,Football Manager 2024,60,59,74281
2025-09-08T17:22:16.106969,739630,Phasmophobia,61,58,20927
2025-09-08T17:22:16.106969,1142710,Total War: WARHAMMER III,62,65,38887
2025-09-08T17:22:16.106969,221100,DayZ,63,62,62953
2025-09-08T17:22:16.106969,291550,Brawlhalla,64,63,14886
2025-09-08T17:22:16.106969,244210,Assetto Corsa,65,67,16340
2025-09-08T17:22:16.106969,1665460,eFootball™,66,64,19001
2025-09-08T17:22:16.106969,2073850,THE FINALS,67,68,22595
2025-09-08T17:22:16.106969,294100,RimWorld,68,60,45666
2025-09-08T17:22:16.106969,108600,Project Zomboid,69,69,30660
2025-09-08T17:22:16.106969,1551360,Forza Horizon 5,70,66,17360
2025-09-08T17:22:16.106969,489830,The Elder Scrolls V: Skyrim Special Edition,71,72,27544
2025-09-08T17:22:16.106969,3513350,Wuthering Waves,72,70,16152
2025-09-08T17:22:16.106969,646570,Slay the Spire,73,79,18593
2025-09-08T17:22:16.106969,714010,Aimlabs,74,77,6945
2025-09-08T17:22:16.106969,2300320,Farming Simulator 25,75,81,42021
2025-09-08T17:22:16.106969,1085660,Destiny 2,76,75,28075
2025-09-08T17:22:16.106969,1144200,Ready or Not,77,71,14161
2025-09-08T17:22:16.106969,2246340,Monster Hunter Wilds,78,61,27268
2025-09-08T17:22:16.106969,1623730,Palworld,79,76,36921
2025-09-08T17:22:16.106969,1905180,OBS Studio,80,84,24755
2025-09-08T17:22:16.106969,2379780,Balatro,81,78,12314
2025-09-08T17:22:16.106969,2878980,NBA 2K25,82,74,21713
2025-09-08T17:22:16.106969,892970,Valheim,83,82,33214
2025-09-08T17:22:16.106969,1329410,1329410,84,73,15275
2025-09-08T17:22:16.106969,629520,Soundpad,85,87,22602
2025-09-08T17:22:16.106969,960090,Bloons TD 6,86,80,11574
2025-09-08T17:22:16.106969,813780,Age of Empires II: Definitive Edition,87,85,23745
2025-09-08T17:22:16.106969,261550,Mount & Blade II: Bannerlord,88,86,31839
2025-09-08T17:22:16.106969,2642680,Half Sword Tech Demo,89,89,7195
2025-09-08T17:22:16.106969,393380,Squad,90,108,19518
2025-09-08T17:22:16.106969,2139460,Once Human,91,90,30224
2025-09-08T17:22:16.106969,1158310,Crusader Kings III,92,92,26009
2025-09-08T17:22:16.106969,526870,Satisfactory,93,88,31481
2025-09-08T17:22:16.106969,990080,Hogwarts Legacy,94,83,21080
2025-09-08T17:22:16.106969,346110,ARK: Survival Evolved,95,93,29726
2025-09-08T17:22:16.106969,292030,The Witcher 3: Wild Hunt,96,91,21883
2025-09-08T17:22:16.106969,3472040,NBA 2K26,97,-1,32055
2025-09-08T17:22:16.106969,1407200,World of Tanks,98,133,20917
2025-09-08T17:22:16.106969,377160,Fallout 4,99,97,20488
2025-09-08T17:22:16.106969,594650,Hunt: Showdown 1896,100,96,21288
2025-09-08T18:35:45.257331,730,Counter-Strike 2,1,1,1498141
2025-09-08T18:35:45.257331,570,Dota 2,2,3,840351
2025-09-08T18:35:45.257331,578080,PUBG: BATTLEGROUNDS,3,2,681274
2025-09-08T18:35:45.257331,431960,Wallpaper Engine,4,4,130687
2025-09-08T18:35:45.257331,1030300,Hollow Knight: Silksong,5,-1,568120
2025-09-08T18:35:45.257331,553850,HELLDIVERS™ 2,6,7,159127
2025-09-08T18:35:45.257331,1172470,Apex Legends™,7,6,196815
2025-09-08T18:35:45.257331,2694490,Path of Exile 2,8,5,261039
2025-09-08T18:35:45.257331,2767030,Marvel Rivals,9,10,99894
2025-09-08T18:35:45.257331,2507950,Delta Force,10,9,209372
2025-09-08T18:35:45.257331,367520,Hollow Knight,11,17,95655
2025-09-08T18:35:45.257331,359550,Tom Clancy's Rainbow Six® Siege X,12,13,94483
2025-09-08T18:35:45.257331,236390,War Thunder,13,11,80978
2025-09-08T18:35:45.257331,413150,Stardew Valley,14,12,117882
2025-09-08T18:35:45.257331,3527290,PEAK,15,8,56074
2025-09-08T18:35:45.257331,381210,Dead by Daylight,16,14,77912
2025-09-08T18:35:45.257331,275850,No Man's Sky,17,16,110893
2025-09-08T18:35:45.257331,1203220,NARAKA: BLADEPOINT,18,15,127666
2025-09-08T18:35:45.257331,271590,Grand Theft Auto V Legacy,19,18,98865
2025-09-08T18:35:45.257331,252490,Rust,20,24,143875
2025-09-08T18:35:45.257331,1086940,Baldur's Gate 3,21,26,90551
2025-09-08T18:35:45.257331,1938090,Call of Duty®,22,21,62663
2025-09-08T18:35:45.257331,3240220,Grand Theft Auto V Enhanced,23,22,69157
2025-09-08T18:35:45.257331,2669320,EA SPORTS FC™ 25,24,19,52512
2025-09-08T18:35:45.257331,440,Team Fortress 2,25,27,68128
2025-09-08T18:35:45.257331,105600,Terraria,26,25,33530
2025-09-08T18:35:45.257331,227300,Euro Truck Simulator 2,27,23,48198
2025-09-08T18:35:45.257331,2357570,Overwatch® 2,28,28,44378
2025-09-08T18:35:45.257331,3241660,R.E.P.O.,29,30,40447
2025-09-08T18:35:45.257331,230410,Warframe,30,31,59081
2025-09-08T18:35:45.257331,1174180,Red Dead Redemption 2,31,36,57697
2025-09-08T18:35:45.257331,550,Left 4 Dead 2,32,34,33854
2025-09-08T18:35:45.257331,1517290,Battlefield™ 2042,33,20,46535
2025-09-08T18:35:45.257331,1091500,Cyberpunk 2077,34,29,54408
2025-09-08T18:35:45.257331,322170,Geometry Dash,35,32,35217
2025-09-08T18:35:45.257331,1973530,Limbus Company,36,35,37046
2025-09-08T18:35:45.257331,438100,VRChat,37,37,59062
2025-09-08T18:35:45.257331,1422450,Deadlock,38,33,55216
2025-09-08T18:35:45.257331,394360,Hearts of Iron IV,39,38,58818
2025-09-08T18:35:45.257331,322330,饥荒联机版,40,40,48912
2025-09-08T18:35:45.257331,284160,BeamNG.drive,41,42,30133
2025-09-08T18:35:45.257331,1222670,The Sims™ 4,42,44,37234
2025-09-08T18:35:45.257331,3419430,Bongo Cat,43,47,126595
2025-09-08T18:35:45.257331,2584990,Shadowverse: Worlds Beyond,44,41,40239
2025-09-08T18:35:45.257331,3164500,Schedule I,45,57,41914
2025-09-08T18:35:45.257331,1245620,ELDEN RING,46,43,40480
2025-09-08T18:35:45.257331,4000,Garry's Mod,47,49,32260
2025-09-08T18:35:45.257331,2622380,ELDEN RING NIGHTREIGN,48,39,44195
2025-09-08T18:35:45.257331,252950,Rocket League®,49,52,25150
2025-09-08T18:35:45.257331,250900,The Binding of Isaac: Rebirth,50,45,22864
2025-09-08T18:35:45.257331,2183900,"Warhammer 40,000: Space Marine 2",51,107,34186
2025-09-08T18:35:45.257331,1281930,tModLoader,52,48,35217
2025-09-08T18:35:45.257331,289070,Sid Meier’s Civilization® VI,53,53,49398
2025-09-08T18:35:45.257331,1366800,Crosshair X,54,56,59034
2025-09-08T18:35:45.257331,3224770,Umamusume: Pretty Derby,55,46,23977
2025-09-08T18:35:45.257331,1364780,Street Fighter™ 6,56,51,34957
2025-09-08T18:35:45.257331,251570,7 Days to Die,57,54,48549
2025-09-08T18:35:45.257331,1449850,Yu-Gi-Oh! Master Duel,58,55,15091
2025-09-08T18:35:45.257331,2358720,Black Myth: Wukong,59,50,34510
2025-09-08T18:35:45.257331,2252570,Football Manager 2024,60,59,74281
2025-09-08T18:35:45.257331,739630,Phasmophobia,61,58,20927
2025-09-08T18:35:45.257331,1142710,Total War: WARHAMMER III,62,65,38887
2025-09-08T18:35:45.257331,221100,DayZ,63,62,62953
2025-09-08T18:35:45.257331,291550,Brawlhalla,64,63,14886
2025-09-08T18:35:45.257331,244210,Assetto Corsa,65,67,16340
2025-09-08T18:35:45.257331,1665460,eFootball™,66,64,19001
2025-09-08T18:35:45.257331,2073850,THE FINALS,67,68,22595
2025-09-08T18:35:45.257331,294100,RimWorld,68,60,45666
2025-09-08T18:35:45.257331,108600,Project Zomboid,69,69,30660
2025-09-08T18:35:45.257331,1551360,Forza Horizon 5,70,66,17360
2025-09-08T18:35:45.257331,489830,The Elder Scrolls V: Skyrim Special Edition,71,72,27544
2025-09-08T18:35:45.257331,3513350,Wuthering Waves,72,70,16152
2025-09-08T18:35:45.257331,646570,Slay the Spire,73,79,18593
2025-09-08T18:35:45.257331,714010,Aimlabs,74,77,6945
2025-09-08T18:35:45.257331,2300320,Farming Simulator 25,75,81,42021
2025-09-08T18:35:45.257331,1085660,Destiny 2,76,75,28075
2025-09-08T18:35:45.257331,1144200,Ready or Not,77,71,14161
2025-09-08T18:35:45.257331,2246340,Monster Hunter Wilds,78,61,27268
2025-09-08T18:35:45.257331,1623730,Palworld,79,76,36921
2025-09-08T18:35:45.257331,1905180,OBS Studio,80,84,24755
2025-09-08T18:35:45.257331,2379780,Balatro,81,78,12314
2025-09-08T18:35:45.257331,2878980,NBA 2K25,82,74,21713
2025-09-08T18:35:45.257331,892970,Valheim,83,82,33214
2025-09-08T18:35:45.257331,1329410,1329410,84,73,15275
2025-09-08T18:35:45.257331,629520,Soundpad,85,87,22602
2025-09-08T18:35:45.257331,960090,Bloons TD 6,86,80,11574
2025-09-08T18:35:45.257331,813780,Age of Empires II: Definitive Edition,87,85,23745
2025-09-08T18:35:45.257331,261550,Mount & Blade II: Bannerlord,88,86,31839
2025-09-08T18:35:45.257331,2642680,Half Sword Tech Demo,89,89,7195
2025-09-08T18:35:45.257331,393380,Squad,90,108,19518
2025-09-08T18:35:45.257331,2139460,Once Human,91,90,30224
2025-09-08T18:35:45.257331,1158310,Crusader Kings III,92,92,26009
2025-09-08T18:35:45.257331,526870,Satisfactory,93,88,31481
2025-09-08T18:35:45.257331,990080,Hogwarts Legacy,94,83,21080
2025-09-08T18:35:45.257331,346110,ARK: Survival Evolved,95,93,29726
2025-09-08T18:35:45.257331,292030,The Witcher 3: Wild Hunt,96,91,21883
2025-09-08T18:35:45.257331,3472040,NBA 2K26,97,-1,32055
2025-09-08T18:35:45.257331,1407200,World of Tanks,98,133,20917
2025-09-08T18:35:45.257331,377160,Fallout 4,99,97,20488
2025-09-08T18:35:45.257331,594650,Hunt: Showdown 1896,100,96,21288
2025-09-08T19:19:56.439681,730,Counter-Strike 2,1,1,1498141
2025-09-08T19:19:56.439681,570,Dota 2,2,3,840351
2025-09-08T19:19:56.439681,578080,PUBG: BATTLEGROUNDS,3,2,681274
2025-09-08T19:19:56.439681,431960,Wallpaper Engine,4,4,130687
2025-09-08T19:19:56.439681,1030300,Hollow Knight: Silksong,5,-1,568120
2025-09-08T19:19:56.439681,553850,HELLDIVERS™ 2,6,7,159127
2025-09-08T19:19:56.439681,1172470,Apex Legends™,7,6,196815
2025-09-08T19:19:56.439681,2694490,Path of Exile 2,8,5,261039
2025-09-08T19:19:56.439681,2767030,Marvel Rivals,9,10,99894
2025-09-08T19:19:56.439681,2507950,Delta Force,10,9,209372
2025-09-08T19:19:56.439681,367520,Hollow Knight,11,17,95655
2025-09-08T19:19:56.439681,359550,Tom Clancy's Rainbow Six® Siege X,12,13,94483
2025-09-08T19:19:56.439681,236390,War Thunder,13,11,80978
2025-09-08T19:19:56.439681,413150,Stardew Valley,14,12,117882
2025-09-08T19:19:56.439681,3527290,PEAK,15,8,56074
2025-09-08T19:19:56.439681,381210,Dead by Daylight,16,14,77912
2025-09-08T19:19:56.439681,275850,No Man's Sky,17,16,110893
2025-09-08T19:19:56.439681,1203220,NARAKA: BLADEPOINT,18,15,127666
2025-09-08T19:19:56.439681,271590,Grand Theft Auto V Legacy,19,18,98865
2025-09-08T19:19:56.439681,252490,Rust,20,24,143875
2025-09-08T19:19:56.439681,1086940,Baldur's Gate 3,21,26,90551
2025-09-08T19:19:56.439681,1938090,Call of Duty®,22,21,62663
2025-09-08T19:19:56.439681,3240220,Grand Theft Auto V Enhanced,23,22,69157
2025-09-08T19:19:56.439681,2669320,EA SPORTS FC™ 25,24,19,52512
2025-09-08T19:19:56.439681,440,Team Fortress 2,25,27,68128
2025-09-08T19:19:56.439681,105600,Terraria,26,25,33530
2025-09-08T19:19:56.439681,227300,Euro Truck Simulator 2,27,23,48198
2025-09-08T19:19:56.439681,2357570,Overwatch® 2,28,28,44378
2025-09-08T19:19:56.439681,3241660,R.E.P.O.,29,30,40447
2025-09-08T19:19:56.439681,230410,Warframe,30,31,59081
2025-09-08T19:19:56.439681,1174180,Red Dead Redemption 2,31,36,57697
2025-09-08T19:19:56.439681,550,Left 4 Dead 2,32,34,33854
2025-09-08T19:19:56.439681,1517290,Battlefield™ 2042,33,20,46535
2025-09-08T19:19:56.439681,1091500,Cyberpunk 2077,34,29,54408
2025-09-08T19:19:56.439681,322170,Geometry Dash,35,32,35217
2025-09-08T19:19:56.439681,1973530,Limbus Company,36,35,37046
2025-09-08T19:19:56.439681,438100,VRChat,37,37,59062
2025-09-08T19:19:56.439681,1422450,Deadlock,38,33,55216
2025-09-08T19:19:56.439681,394360,Hearts of Iron IV,39,38,58818
2025-09-08T19:19:56.439681,322330,饥荒联机版,40,40,48912
2025-09-08T19:19:56.439681,284160,BeamNG.drive,41,42,30133
2025-09-08T19:19:56.439681,1222670,The Sims™ 4,42,44,37234
2025-09-08T19:19:56.439681,3419430,Bongo Cat,43,47,126595
2025-09-08T19:19:56.439681,2584990,Shadowverse: Worlds Beyond,44,41,40239
2025-09-08T19:19:56.439681,3164500,Schedule I,45,57,41914
2025-09-08T19:19:56.439681,1245620,ELDEN RING,46,43,40480
2025-09-08T19:19:56.439681,4000,Garry's Mod,47,49,32260
2025-09-08T19:19:56.439681,2622380,ELDEN RING NIGHTREIGN,48,39,44195
2025-09-08T19:19:56.439681,252950,Rocket League®,49,52,25150
2025-09-08T19:19:56.439681,250900,The Binding of Isaac: Rebirth,50,45,22864
2025-09-08T19:19:56.439681,2183900,"Warhammer 40,000: Space Marine 2",51,107,34186
2025-09-08T19:19:56.439681,1281930,tModLoader,52,48,35217
2025-09-08T19:19:56.439681,289070,Sid Meier’s Civilization® VI,53,53,49398
2025-09-08T19:19:56.439681,1366800,Crosshair X,54,56,59034
2025-09-08T19:19:56.439681,3224770,Umamusume: Pretty Derby,55,46,23977
2025-09-08T19:19:56.439681,1364780,Street Fighter™ 6,56,51,34957
2025-09-08T19:19:56.439681,251570,7 Days to Die,57,54,48549
2025-09-08T19:19:56.439681,1449850,Yu-Gi-Oh! Master Duel,58,55,15091
2025-09-08T19:19:56.439681,2358720,Black Myth: Wukong,59,50,34510
2025-09-08T19:19:56.439681,2252570,Football Manager 2024,60,59,74281
2025-09-08T19:19:56.439681,739630,Phasmophobia,61,58,20927
2025-09-08T19:19:56.439681,1142710,Total War: WARHAMMER III,62,65,38887
2025-09-08T19:19:56.439681,221100,DayZ,63,62,62953
2025-09-08T19:19:56.439681,291550,Brawlhalla,64,63,14886
2025-09-08T19:19:56.439681,244210,Assetto Corsa,65,67,16340
2025-09-08T19:19:56.439681,1665460,eFootball™,66,64,19001
2025-09-08T19:19:56.439681,2073850,THE FINALS,67,68,22595
2025-09-08T19:19:56.439681,294100,RimWorld,68,60,45666
2025-09-08T19:19:56.439681,108600,Project Zomboid,69,69,30660
2025-09-08T19:19:56.439681,1551360,Forza Horizon 5,70,66,17360
2025-09-08T19:19:56.439681,489830,The Elder Scrolls V: Skyrim Special Edition,71,72,27544
2025-09-08T19:19:56.439681,3513350,Wuthering Waves,72,70,16152
2025-09-08T19:19:56.439681,646570,Slay the Spire,73,79,18593
2025-09-08T19:19:56.439681,714010,Aimlabs,74,77,6945
2025-09-08T19:19:56.439681,2300320,Farming Simulator 25,75,81,42021
2025-09-08T19:19:56.439681,1085660,Destiny 2,76,75,28075
2025-09-08T19:19:56.439681,1144200,Ready or Not,77,71,14161
2025-09-08T19:19:56.439681,2246340,Monster Hunter Wilds,78,61,27268
2025-09-08T19:19:56.439681,1623730,Palworld,79,76,36921
2025-09-08T19:19:56.439681,1905180,OBS Studio,80,84,24755
2025-09-08T19:19:56.439681,2379780,Balatro,81,78,12314
2025-09-08T19:19:56.439681,2878980,NBA 2K25,82,74,21713
2025-09-08T19:19:56.439681,892970,Valheim,83,82,33214
2025-09-08T19:19:56.439681,1329410,1329410,84,73,15275
2025-09-08T19:19:56.439681,629520,Soundpad,85,87,22602
2025-09-08T19:19:56.439681,960090,Bloons TD 6,86,80,11574
2025-09-08T19:19:56.439681,813780,Age of Empires II: Definitive Edition,87,85,23745
2025-09-08T19:19:56.439681,261550,Mount & Blade II: Bannerlord,88,86,31839
2025-09-08T19:19:56.439681,2642680,Half Sword Tech Demo,89,89,7195
2025-09-08T19:19:56.439681,393380,Squad,90,108,19518
2025-09-08T19:19:56.439681,2139460,Once Human,91,90,30224
2025-09-08T19:19:56.439681,1158310,Crusader Kings III,92,92,26009
2025-09-08T19:19:56.439681,526870,Satisfactory,93,88,31481
2025-09-08T19:19:56.439681,990080,Hogwarts Legacy,94,83,21080
2025-09-08T19:19:56.439681,346110,ARK: Survival Evolved,95,93,29726
2025-09-08T19:19:56.439681,292030,The Witcher 3: Wild Hunt,96,91,21883
2025-09-08T19:19:56.439681,3472040,NBA 2K26,97,-1,32055
2025-09-08T19:19:56.439681,1407200,World of Tanks,98,133,20917
2025-09-08T19:19:56.439681,377160,Fallout 4,99,97,20488
2025-09-08T19:19:56.439681,594650,Hunt: Showdown 1896,100,96,21288
2025-09-08T20:27:45.321091,730,Counter-Strike 2,1,1,1498141
2025-09-08T20:27:45.321091,570,Dota 2,2,3,840351
2025-09-08T20:27:45.321091,578080,PUBG: BATTLEGROUNDS,3,2,681274
2025-09-08T20:27:45.321091,431960,Wallpaper Engine,4,4,130687
2025-09-08T20:27:45.321091,1030300,Hollow Knight: Silksong,5,-1,568120
2025-09-08T20:27:45.321091,553850,HELLDIVERS™ 2,6,7,159127
2025-09-08T20:27:45.321091,1172470,Apex Legends™,7,6,196815
2025-09-08T20:27:45.321091,2694490,Path of Exile 2,8,5,261039
2025-09-08T20:27:45.321091,2767030,Marvel Rivals,9,10,99894
2025-09-08T20:27:45.321091,2507950,Delta Force,10,9,209372
2025-09-08T20:27:45.321091,367520,Hollow Knight,11,17,95655
2025-09-08T20:27:45.321091,359550,Tom Clancy's Rainbow Six® Siege X,12,13,94483
2025-09-08T20:27:45.321091,236390,War Thunder,13,11,80978
2025-09-08T20:27:45.321091,413150,Stardew Valley,14,12,117882
2025-09-08T20:27:45.321091,3527290,PEAK,15,8,56074
2025-09-08T20:27:45.321091,381210,Dead by Daylight,16,14,77912
2025-09-08T20:27:45.321091,275850,No Man's Sky,17,16,110893
2025-09-08T20:27:45.321091,1203220,NARAKA: BLADEPOINT,18,15,127666
2025-09-08T20:27:45.321091,271590,Grand Theft Auto V Legacy,19,18,98865
2025-09-08T20:27:45.321091,252490,Rust,20,24,143875
2025-09-08T20:27:45.321091,1086940,Baldur's Gate 3,21,26,90551
2025-09-08T20:27:45.321091,1938090,Call of Duty®,22,21,62663
2025-09-08T20:27:45.321091,3240220,Grand Theft Auto V Enhanced,23,22,69157
2025-09-08T20:27:45.321091,2669320,EA SPORTS FC™ 25,24,19,52512
2025-09-08T20:27:45.321091,440,Team Fortress 2,25,27,68128
2025-09-08T20:27:45.321091,105600,Terraria,26,25,33530
2025-09-08T20:27:45.321091,227300,Euro Truck Simulator 2,27,23,48198
2025-09-08T20:27:45.321091,2357570,Overwatch® 2,28,28,44378
2025-09-08T20:27:45.321091,3241660,R.E.P.O.,29,30,40447
2025-09-08T20:27:45.321091,230410,Warframe,30,31,59081
2025-09-08T20:27:45.321091,1174180,Red Dead Redemption 2,31,36,57697
2025-09-08T20:27:45.321091,550,Left 4 Dead 2,32,34,33854
2025-09-08T20:27:45.321091,1517290,Battlefield™ 2042,33,20,46535
2025-09-08T20:27:45.321091,1091500,Cyberpunk 2077,34,29,54408
2025-09-08T20:27:45.321091,322170,Geometry Dash,35,32,35217
2025-09-08T20:27:45.321091,1973530,Limbus Company,36,35,37046
2025-09-08T20:27:45.321091,438100,VRChat,37,37,59062
2025-09-08T20:27:45.321091,1422450,Deadlock,38,33,55216
2025-09-08T20:27:45.321091,394360,Hearts of Iron IV,39,38,58818
2025-09-08T20:27:45.321091,322330,饥荒联机版,40,40,48912
2025-09-08T20:27:45.321091,284160,BeamNG.drive,41,42,30133
2025-09-08T20:27:45.321091,1222670,The Sims™ 4,42,44,37234
2025-09-08T20:27:45.321091,3419430,Bongo Cat,43,47,126595
2025-09-08T20:27:45.321091,2584990,Shadowverse: Worlds Beyond,44,41,40239
2025-09-08T20:27:45.321091,3164500,Schedule I,45,57,41914
2025-09-08T20:27:45.321091,1245620,ELDEN RING,46,43,40480
2025-09-08T20:27:45.321091,4000,Garry's Mod,47,49,32260
2025-09-08T20:27:45.321091,2622380,ELDEN RING NIGHTREIGN,48,39,44195
2025-09-08T20:27:45.321091,252950,Rocket League®,49,52,25150
2025-09-08T20:27:45.321091,250900,The Binding of Isaac: Rebirth,50,45,22864
2025-09-08T20:27:45.321091,2183900,"Warhammer 40,000: Space Marine 2",51,107,34186
2025-09-08T20:27:45.321091,1281930,tModLoader,52,48,35217
2025-09-08T20:27:45.321091,289070,Sid Meier’s Civilization® VI,53,53,49398
2025-09-08T20:27:45.321091,1366800,Crosshair X,54,56,59034
2025-09-08T20:27:45.321091,3224770,Umamusume: Pretty Derby,55,46,23977
2025-09-08T20:27:45.321091,1364780,Street Fighter™ 6,56,51,34957
2025-09-08T20:27:45.321091,251570,7 Days to Die,57,54,48549
2025-09-08T20:27:45.321091,1449850,Yu-Gi-Oh! Master Duel,58,55,15091
2025-09-08T20:27:45.321091,2358720,Black Myth: Wukong,59,50,34510
2025-09-08T20:27:45.321091,2252570,Football Manager 2024,60,59,74281
2025-09-08T20:27:45.321091,739630,Phasmophobia,61,58,20927
2025-09-08T20:27:45.321091,1142710,Total War: WARHAMMER III,62,65,38887
2025-09-08T20:27:45.321091,221100,DayZ,63,62,62953
2025-09-08T20:27:45.321091,291550,Brawlhalla,64,63,14886
2025-09-08T20:27:45.321091,244210,Assetto Corsa,65,67,16340
2025-09-08T20:27:45.321091,1665460,eFootball™,66,64,19001
2025-09-08T20:27:45.321091,2073850,THE FINALS,67,68,22595
2025-09-08T20:27:45.321091,294100,RimWorld,68,60,45666
2025-09-08T20:27:45.321091,108600,Project Zomboid,69,69,30660
2025-09-08T20:27:45.321091,1551360,Forza Horizon 5,70,66,17360
2025-09-08T20:27:45.321091,489830,The Elder Scrolls V: Skyrim Special Edition,71,72,27544
2025-09-08T20:27:45.321091,3513350,Wuthering Waves,72,70,16152
2025-09-08T20:27:45.321091,646570,Slay the Spire,73,79,18593
2025-09-08T20:27:45.321091,714010,Aimlabs,74,77,6945
2025-09-08T20:27:45.321091,2300320,Farming Simulator 25,75,81,42021
2025-09-08T20:27:45.321091,1085660,Destiny 2,76,75,28075
2025-09-08T20:27:45.321091,1144200,Ready or Not,77,71,14161
2025-09-08T20:27:45.321091,2246340,Monster Hunter Wilds,78,61,27268
2025-09-08T20:27:45.321091,1623730,Palworld,79,76,36921
2025-09-08T20:27:45.321091,1905180,OBS Studio,80,84,24755
2025-09-08T20:27:45.321091,2379780,Balatro,81,78,12314
2025-09-08T20:27:45.321091,2878980,NBA 2K25,82,74,21713
2025-09-08T20:27:45.321091,892970,Valheim,83,82,33214
2025-09-08T20:27:45.321091,1329410,1329410,84,73,15275
2025-09-08T20:27:45.321091,629520,Soundpad,85,87,22602
2025-09-08T20:27:45.321091,960090,Bloons TD 6,86,80,11574
2025-09-08T20:27:45.321091,813780,Age of Empires II: Definitive Edition,87,85,23745
2025-09-08T20:27:45.321091,261550,Mount & Blade II: Bannerlord,88,86,31839
2025-09-08T20:27:45.321091,2642680,Half Sword Tech Demo,89,89,7195
2025-09-08T20:27:45.321091,393380,Squad,90,108,19518
2025-09-08T20:27:45.321091,2139460,Once Human,91,90,30224
2025-09-08T20:27:45.321091,1158310,Crusader Kings III,92,92,26009
2025-09-08T20:27:45.321091,526870,Satisfactory,93,88,31481
2025-09-08T20:27:45.321091,990080,Hogwarts Legacy,94,83,21080
2025-09-08T20:27:45.321091,346110,ARK: Survival Evolved,95,93,29726
2025-09-08T20:27:45.321091,292030,The Witcher 3: Wild Hunt,96,91,21883
2025-09-08T20:27:45.321091,3472040,NBA 2K26,97,-1,32055
2025-09-08T20:27:45.321091,1407200,World of Tanks,98,133,20917
2025-09-08T20:27:45.321091,377160,Fallout 4,99,97,20488
2025-09-08T20:27:45.321091,594650,Hunt: Showdown 1896,100,96,21288
2025-09-08T21:22:22.517157,730,Counter-Strike 2,1,1,1498141
2025-09-08T21:22:22.517157,570,Dota 2,2,3,840351
2025-09-08T21:22:22.517157,578080,PUBG: BATTLEGROUNDS,3,2,681274
2025-09-08T21:22:22.517157,431960,Wallpaper Engine,4,4,130687
2025-09-08T21:22:22.517157,1030300,Hollow Knight: Silksong,5,-1,568120
2025-09-08T21:22:22.517157,553850,HELLDIVERS™ 2,6,7,159127
2025-09-08T21:22:22.517157,1172470,Apex Legends™,7,6,196815
2025-09-08T21:22:22.517157,2694490,Path of Exile 2,8,5,261039
2025-09-08T21:22:22.517157,2767030,Marvel Rivals,9,10,99894
2025-09-08T21:22:22.517157,2507950,Delta Force,10,9,209372
2025-09-08T21:22:22.517157,367520,Hollow Knight,11,17,95655
2025-09-08T21:22:22.517157,359550,Tom Clancy's Rainbow Six® Siege X,12,13,94483
2025-09-08T21:22:22.517157,236390,War Thunder,13,11,80978
2025-09-08T21:22:22.517157,413150,Stardew Valley,14,12,117882
2025-09-08T21:22:22.517157,3527290,PEAK,15,8,56074
2025-09-08T21:22:22.517157,381210,Dead by Daylight,16,14,77912
2025-09-08T21:22:22.517157,275850,No Man's Sky,17,16,110893
2025-09-08T21:22:22.517157,1203220,NARAKA: BLADEPOINT,18,15,127666
2025-09-08T21:22:22.517157,271590,Grand Theft Auto V Legacy,19,18,98865
2025-09-08T21:22:22.517157,252490,Rust,20,24,143875
2025-09-08T21:22:22.517157,1086940,Baldur's Gate 3,21,26,90551
2025-09-08T21:22:22.517157,1938090,Call of Duty®,22,21,62663
2025-09-08T21:22:22.517157,3240220,Grand Theft Auto V Enhanced,23,22,69157
2025-09-08T21:22:22.517157,2669320,EA SPORTS FC™ 25,24,19,52512
2025-09-08T21:22:22.517157,440,Team Fortress 2,25,27,68128
2025-09-08T21:22:22.517157,105600,Terraria,26,25,33530
2025-09-08T21:22:22.517157,227300,Euro Truck Simulator 2,27,23,48198
2025-09-08T21:22:22.517157,2357570,Overwatch® 2,28,28,44378
2025-09-08T21:22:22.517157,3241660,R.E.P.O.,29,30,40447
2025-09-08T21:22:22.517157,230410,Warframe,30,31,59081
2025-09-08T21:22:22.517157,1174180,Red Dead Redemption 2,31,36,57697
2025-09-08T21:22:22.517157,550,Left 4 Dead 2,32,34,33854
2025-09-08T21:22:22.517157,1517290,Battlefield™ 2042,33,20,46535
2025-09-08T21:22:22.517157,1091500,Cyberpunk 2077,34,29,54408
2025-09-08T21:22:22.517157,322170,Geometry Dash,35,32,35217
2025-09-08T21:22:22.517157,1973530,Limbus Company,36,35,37046
2025-09-08T21:22:22.517157,438100,VRChat,37,37,59062
2025-09-08T21:22:22.517157,1422450,Deadlock,38,33,55216
2025-09-08T21:22:22.517157,394360,Hearts of Iron IV,39,38,58818
2025-09-08T21:22:22.517157,322330,饥荒联机版,40,40,48912
2025-09-08T21:22:22.517157,284160,BeamNG.drive,41,42,30133
2025-09-08T21:22:22.517157,1222670,The Sims™ 4,42,44,37234
2025-09-08T21:22:22.517157,3419430,Bongo Cat,43,47,126595
2025-09-08T21:22:22.517157,2584990,Shadowverse: Worlds Beyond,44,41,40239
2025-09-08T21:22:22.517157,3164500,Schedule I,45,57,41914
2025-09-08T21:22:22.517157,1245620,ELDEN RING,46,43,40480
2025-09-08T21:22:22.517157,4000,Garry's Mod,47,49,32260
2025-09-08T21:22:22.517157,2622380,ELDEN RING NIGHTREIGN,48,39,44195
2025-09-08T21:22:22.517157,252950,Rocket League®,49,52,25150
2025-09-08T21:22:22.517157,250900,The Binding of Isaac: Rebirth,50,45,22864
2025-09-08T21:22:22.517157,2183900,"Warhammer 40,000: Space Marine 2",51,107,34186
2025-09-08T21:22:22.517157,1281930,tModLoader,52,48,35217
2025-09-08T21:22:22.517157,289070,Sid Meier’s Civilization® VI,53,53,49398
2025-09-08T21:22:22.517157,1366800,Crosshair X,54,56,59034
2025-09-08T21:22:22.517157,3224770,Umamusume: Pretty Derby,55,46,23977
2025-09-08T21:22:22.517157,1364780,Street Fighter™ 6,56,51,34957
2025-09-08T21:22:22.517157,251570,7 Days to Die,57,54,48549
2025-09-08T21:22:22.517157,1449850,Yu-Gi-Oh! Master Duel,58,55,15091
2025-09-08T21:22:22.517157,2358720,Black Myth: Wukong,59,50,34510
2025-09-08T21:22:22.517157,2252570,Football Manager 2024,60,59,74281
2025-09-08T21:22:22.517157,739630,Phasmophobia,61,58,20927
2025-09-08T21:22:22.517157,1142710,Total War: WARHAMMER III,62,65,38887
2025-09-08T21:22:22.517157,221100,DayZ,63,62,62953
2025-09-08T21:22:22.517157,291550,Brawlhalla,64,63,14886
2025-09-08T21:22:22.517157,244210,Assetto Corsa,65,67,16340
2025-09-08T21:22:22.517157,1665460,eFootball™,66,64,19001
2025-09-08T21:22:22.517157,2073850,THE FINALS,67,68,22595
2025-09-08T21:22:22.517157,294100,RimWorld,68,60,45666
2025-09-08T21:22:22.517157,108600,Project Zomboid,69,69,30660
2025-09-08T21:22:22.517157,1551360,Forza Horizon 5,70,66,17360
2025-09-08T21:22:22.517157,489830,The Elder Scrolls V: Skyrim Special Edition,71,72,27544
2025-09-08T21:22:22.517157,3513350,Wuthering Waves,72,70,16152
2025-09-08T21:22:22.517157,646570,Slay the Spire,73,79,18593
2025-09-08T21:22:22.517157,714010,Aimlabs,74,77,6945
2025-09-08T21:22:22.517157,2300320,Farming Simulator 25,75,81,42021
2025-09-08T21:22:22.517157,1085660,Destiny 2,76,75,28075
2025-09-08T21:22:22.517157,1144200,Ready or Not,77,71,14161
2025-09-08T21:22:22.517157,2246340,Monster Hunter Wilds,78,61,27268
2025-09-08T21:22:22.517157,1623730,Palworld,79,76,36921
2025-09-08T21:22:22.517157,1905180,OBS Studio,80,84,24755
2025-09-08T21:22:22.517157,2379780,Balatro,81,78,12314
2025-09-08T21:22:22.517157,2878980,NBA 2K25,82,74,21713
2025-09-08T21:22:22.517157,892970,Valheim,83,82,33214
2025-09-08T21:22:22.517157,1329410,1329410,84,73,15275
2025-09-08T21:22:22.517157,629520,Soundpad,85,87,22602
2025-09-08T21:22:22.517157,960090,Bloons TD 6,86,80,11574
2025-09-08T21:22:22.517157,813780,Age of Empires II: Definitive Edition,87,85,23745
2025-09-08T21:22:22.517157,261550,Mount & Blade II: Bannerlord,88,86,31839
2025-09-08T21:22:22.517157,2642680,Half Sword Tech Demo,89,89,7195
2025-09-08T21:22:22.517157,393380,Squad,90,108,19518
2025-09-08T21:22:22.517157,2139460,Once Human,91,90,30224
2025-09-08T21:22:22.517157,1158310,Crusader Kings III,92,92,26009
2025-09-08T21:22:22.517157,526870,Satisfactory,93,88,31481
2025-09-08T21:22:22.517157,990080,Hogwarts Legacy,94,83,21080
2025-09-08T21:22:22.517157,346110,ARK: Survival Evolved,95,93,29726
2025-09-08T21:22:22.517157,292030,The Witcher 3: Wild Hunt,96,91,21883
2025-09-08T21:22:22.517157,3472040,NBA 2K26,97,-1,32055
2025-09-08T21:22:22.517157,1407200,World of Tanks,98,133,20917
2025-09-08T21:22:22.517157,377160,Fallout 4,99,97,20488
2025-09-08T21:22:22.517157,594650,Hunt: Showdown 1896,100,96,21288
2025-09-08T22:23:55.340940,730,Counter-Strike 2,1,1,1498141
2025-09-08T22:23:55.340940,570,Dota 2,2,3,840351
2025-09-08T22:23:55.340940,578080,PUBG: BATTLEGROUNDS,3,2,681274
2025-09-08T22:23:55.340940,431960,Wallpaper Engine,4,4,130687
2025-09-08T22:23:55.340940,1030300,Hollow Knight: Silksong,5,-1,568120
2025-09-08T22:23:55.340940,553850,HELLDIVERS™ 2,6,7,159127
2025-09-08T22:23:55.340940,1172470,Apex Legends™,7,6,196815
2025-09-08T22:23:55.340940,2694490,Path of Exile 2,8,5,261039
2025-09-08T22:23:55.340940,2767030,Marvel Rivals,9,10,99894
2025-09-08T22:23:55.340940,2507950,Delta Force,10,9,209372
2025-09-08T22:23:55.340940,367520,Hollow Knight,11,17,95655
2025-09-08T22:23:55.340940,359550,Tom Clancy's Rainbow Six® Siege X,12,13,94483
2025-09-08T22:23:55.340940,236390,War Thunder,13,11,80978
2025-09-08T22:23:55.340940,413150,Stardew Valley,14,12,117882
2025-09-08T22:23:55.340940,3527290,PEAK,15,8,56074
2025-09-08T22:23:55.340940,381210,Dead by Daylight,16,14,77912
2025-09-08T22:23:55.340940,275850,No Man's Sky,17,16,110893
2025-09-08T22:23:55.340940,1203220,NARAKA: BLADEPOINT,18,15,127666
2025-09-08T22:23:55.340940,271590,Grand Theft Auto V Legacy,19,18,98865
2025-09-08T22:23:55.340940,252490,Rust,20,24,143875
2025-09-08T22:23:55.340940,1086940,Baldur's Gate 3,21,26,90551
2025-09-08T22:23:55.340940,1938090,Call of Duty®,22,21,62663
2025-09-08T22:23:55.340940,3240220,Grand Theft Auto V Enhanced,23,22,69157
2025-09-08T22:23:55.340940,2669320,EA SPORTS FC™ 25,24,19,52512
2025-09-08T22:23:55.340940,440,Team Fortress 2,25,27,68128
2025-09-08T22:23:55.340940,105600,Terraria,26,25,33530
2025-09-08T22:23:55.340940,227300,Euro Truck Simulator 2,27,23,48198
2025-09-08T22:23:55.340940,2357570,Overwatch® 2,28,28,44378
2025-09-08T22:23:55.340940,3241660,R.E.P.O.,29,30,40447
2025-09-08T22:23:55.340940,230410,Warframe,30,31,59081
2025-09-08T22:23:55.340940,1174180,Red Dead Redemption 2,31,36,57697
2025-09-08T22:23:55.340940,550,Left 4 Dead 2,32,34,33854
2025-09-08T22:23:55.340940,1517290,Battlefield™ 2042,33,20,46535
2025-09-08T22:23:55.340940,1091500,Cyberpunk 2077,34,29,54408
2025-09-08T22:23:55.340940,322170,Geometry Dash,35,32,35217
2025-09-08T22:23:55.340940,1973530,Limbus Company,36,35,37046
2025-09-08T22:23:55.340940,438100,VRChat,37,37,59062
2025-09-08T22:23:55.340940,1422450,Deadlock,38,33,55216
2025-09-08T22:23:55.340940,394360,Hearts of Iron IV,39,38,58818
2025-09-08T22:23:55.340940,322330,饥荒联机版,40,40,48912
2025-09-08T22:23:55.340940,284160,BeamNG.drive,41,42,30133
2025-09-08T22:23:55.340940,1222670,The Sims™ 4,42,44,37234
2025-09-08T22:23:55.340940,3419430,Bongo Cat,43,47,126595
2025-09-08T22:23:55.340940,2584990,Shadowverse: Worlds Beyond,44,41,40239
2025-09-08T22:23:55.340940,3164500,Schedule I,45,57,41914
2025-09-08T22:23:55.340940,1245620,ELDEN RING,46,43,40480
2025-09-08T22:23:55.340940,4000,Garry's Mod,47,49,32260
2025-09-08T22:23:55.340940,2622380,ELDEN RING NIGHTREIGN,48,39,44195
2025-09-08T22:23:55.340940,252950,Rocket League®,49,52,25150
2025-09-08T22:23:55.340940,250900,The Binding of Isaac: Rebirth,50,45,22864
2025-09-08T22:23:55.340940,2183900,"Warhammer 40,000: Space Marine 2",51,107,34186
2025-09-08T22:23:55.340940,1281930,tModLoader,52,48,35217
2025-09-08T22:23:55.340940,289070,Sid Meier’s Civilization® VI,53,53,49398
2025-09-08T22:23:55.340940,1366800,Crosshair X,54,56,59034
2025-09-08T22:23:55.340940,3224770,Umamusume: Pretty Derby,55,46,23977
2025-09-08T22:23:55.340940,1364780,Street Fighter™ 6,56,51,34957
2025-09-08T22:23:55.340940,251570,7 Days to Die,57,54,48549
2025-09-08T22:23:55.340940,1449850,Yu-Gi-Oh! Master Duel,58,55,15091
2025-09-08T22:23:55.340940,2358720,Black Myth: Wukong,59,50,34510
2025-09-08T22:23:55.340940,2252570,Football Manager 2024,60,59,74281
2025-09-08T22:23:55.340940,739630,Phasmophobia,61,58,20927
2025-09-08T22:23:55.340940,1142710,Total War: WARHAMMER III,62,65,38887
2025-09-08T22:23:55.340940,221100,DayZ,63,62,62953
2025-09-08T22:23:55.340940,291550,Brawlhalla,64,63,14886
2025-09-08T22:23:55.340940,244210,Assetto Corsa,65,67,16340
2025-09-08T22:23:55.340940,1665460,eFootball™,66,64,19001
2025-09-08T22:23:55.340940,2073850,THE FINALS,67,68,22595
2025-09-08T22:23:55.340940,294100,RimWorld,68,60,45666
2025-09-08T22:23:55.340940,108600,Project Zomboid,69,69,30660
2025-09-08T22:23:55.340940,1551360,Forza Horizon 5,70,66,17360
2025-09-08T22:23:55.340940,489830,The Elder Scrolls V: Skyrim Special Edition,71,72,27544
2025-09-08T22:23:55.340940,3513350,Wuthering Waves,72,70,16152
2025-09-08T22:23:55.340940,646570,Slay the Spire,73,79,18593
2025-09-08T22:23:55.340940,714010,Aimlabs,74,77,6945
2025-09-08T22:23:55.340940,2300320,Farming Simulator 25,75,81,42021
2025-09-08T22:23:55.340940,1085660,Destiny 2,76,75,28075
2025-09-08T22:23:55.340940,1144200,Ready or Not,77,71,14161
2025-09-08T22:23:55.340940,2246340,Monster Hunter Wilds,78,61,27268
2025-09-08T22:23:55.340940,1623730,Palworld,79,76,36921
2025-09-08T22:23:55.340940,1905180,OBS Studio,80,84,24755
2025-09-08T22:23:55.340940,2379780,Balatro,81,78,12314
2025-09-08T22:23:55.340940,2878980,NBA 2K25,82,74,21713
2025-09-08T22:23:55.340940,892970,Valheim,83,82,33214
2025-09-08T22:23:55.340940,1329410,1329410,84,73,15275
2025-09-08T22:23:55.340940,629520,Soundpad,85,87,22602
2025-09-08T22:23:55.340940,960090,Bloons TD 6,86,80,11574
2025-09-08T22:23:55.340940,813780,Age of Empires II: Definitive Edition,87,85,23745
2025-09-08T22:23:55.340940,261550,Mount & Blade II: Bannerlord,88,86,31839
2025-09-08T22:23:55.340940,2642680,Half Sword Tech Demo,89,89,7195
2025-09-08T22:23:55.340940,393380,Squad,90,108,19518
2025-09-08T22:23:55.340940,2139460,Once Human,91,90,30224
2025-09-08T22:23:55.340940,1158310,Crusader Kings III,92,92,26009
2025-09-08T22:23:55.340940,526870,Satisfactory,93,88,31481
2025-09-08T22:23:55.340940,990080,Hogwarts Legacy,94,83,21080
2025-09-08T22:23:55.340940,346110,ARK: Survival Evolved,95,93,29726
2025-09-08T22:23:55.340940,292030,The Witcher 3: Wild Hunt,96,91,21883
2025-09-08T22:23:55.340940,3472040,NBA 2K26,97,-1,32055
2025-09-08T22:23:55.340940,1407200,World of Tanks,98,133,20917
2025-09-08T22:23:55.340940,377160,Fallout 4,99,97,20488
2025-09-08T22:23:55.340940,594650,Hunt: Showdown 1896,100,96,21288
2025-09-08T23:23:22.116130,730,Counter-Strike 2,1,1,1498141
2025-09-08T23:23:22.116130,570,Dota 2,2,3,840351
2025-09-08T23:23:22.116130,578080,PUBG: BATTLEGROUNDS,3,2,681274
2025-09-08T23:23:22.116130,431960,Wallpaper Engine,4,4,130687
2025-09-08T23:23:22.116130,1030300,Hollow Knight: Silksong,5,-1,568120
2025-09-08T23:23:22.116130,553850,HELLDIVERS™ 2,6,7,159127
2025-09-08T23:23:22.116130,1172470,Apex Legends™,7,6,196815
2025-09-08T23:23:22.116130,2694490,Path of Exile 2,8,5,261039
2025-09-08T23:23:22.116130,2767030,Marvel Rivals,9,10,99894
2025-09-08T23:23:22.116130,2507950,Delta Force,10,9,209372
2025-09-08T23:23:22.116130,367520,Hollow Knight,11,17,95655
2025-09-08T23:23:22.116130,359550,Tom Clancy's Rainbow Six® Siege X,12,13,94483
2025-09-08T23:23:22.116130,236390,War Thunder,13,11,80978
2025-09-08T23:23:22.116130,413150,Stardew Valley,14,12,117882
2025-09-08T23:23:22.116130,3527290,PEAK,15,8,56074
2025-09-08T23:23:22.116130,381210,Dead by Daylight,16,14,77912
2025-09-08T23:23:22.116130,275850,No Man's Sky,17,16,110893
2025-09-08T23:23:22.116130,1203220,NARAKA: BLADEPOINT,18,15,127666
2025-09-08T23:23:22.116130,271590,Grand Theft Auto V Legacy,19,18,98865
2025-09-08T23:23:22.116130,252490,Rust,20,24,143875
2025-09-08T23:23:22.116130,1086940,Baldur's Gate 3,21,26,90551
2025-09-08T23:23:22.116130,1938090,Call of Duty®,22,21,62663
2025-09-08T23:23:22.116130,3240220,Grand Theft Auto V Enhanced,23,22,69157
2025-09-08T23:23:22.116130,2669320,EA SPORTS FC™ 25,24,19,52512
2025-09-08T23:23:22.116130,440,Team Fortress 2,25,27,68128
2025-09-08T23:23:22.116130,105600,Terraria,26,25,33530
2025-09-08T23:23:22.116130,227300,Euro Truck Simulator 2,27,23,48198
2025-09-08T23:23:22.116130,2357570,Overwatch® 2,28,28,44378
2025-09-08T23:23:22.116130,3241660,R.E.P.O.,29,30,40447
2025-09-08T23:23:22.116130,230410,Warframe,30,31,59081
2025-09-08T23:23:22.116130,1174180,Red Dead Redemption 2,31,36,57697
2025-09-08T23:23:22.116130,550,Left 4 Dead 2,32,34,33854
2025-09-08T23:23:22.116130,1517290,Battlefield™ 2042,33,20,46535
2025-09-08T23:23:22.116130,1091500,Cyberpunk 2077,34,29,54408
2025-09-08T23:23:22.116130,322170,Geometry Dash,35,32,35217
2025-09-08T23:23:22.116130,1973530,Limbus Company,36,35,37046
2025-09-08T23:23:22.116130,438100,VRChat,37,37,59062
2025-09-08T23:23:22.116130,1422450,Deadlock,38,33,55216
2025-09-08T23:23:22.116130,394360,Hearts of Iron IV,39,38,58818
2025-09-08T23:23:22.116130,322330,饥荒联机版,40,40,48912
2025-09-08T23:23:22.116130,284160,BeamNG.drive,41,42,30133
2025-09-08T23:23:22.116130,1222670,The Sims™ 4,42,44,37234
2025-09-08T23:23:22.116130,3419430,Bongo Cat,43,47,126595
2025-09-08T23:23:22.116130,2584990,Shadowverse: Worlds Beyond,44,41,40239
2025-09-08T23:23:22.116130,3164500,Schedule I,45,57,41914
2025-09-08T23:23:22.116130,1245620,ELDEN RING,46,43,40480
2025-09-08T23:23:22.116130,4000,Garry's Mod,47,49,32260
2025-09-08T23:23:22.116130,2622380,ELDEN RING NIGHTREIGN,48,39,44195
2025-09-08T23:23:22.116130,252950,Rocket League®,49,52,25150
2025-09-08T23:23:22.116130,250900,The Binding of Isaac: Rebirth,50,45,22864
2025-09-08T23:23:22.116130,2183900,"Warhammer 40,000: Space Marine 2",51,107,34186
2025-09-08T23:23:22.116130,1281930,tModLoader,52,48,35217
2025-09-08T23:23:22.116130,289070,Sid Meier’s Civilization® VI,53,53,49398
2025-09-08T23:23:22.116130,1366800,Crosshair X,54,56,59034
2025-09-08T23:23:22.116130,3224770,Umamusume: Pretty Derby,55,46,23977
2025-09-08T23:23:22.116130,1364780,Street Fighter™ 6,56,51,34957
2025-09-08T23:23:22.116130,251570,7 Days to Die,57,54,48549
2025-09-08T23:23:22.116130,1449850,Yu-Gi-Oh! Master Duel,58,55,15091
2025-09-08T23:23:22.116130,2358720,Black Myth: Wukong,59,50,34510
2025-09-08T23:23:22.116130,2252570,Football Manager 2024,60,59,74281
2025-09-08T23:23:22.116130,739630,Phasmophobia,61,58,20927
2025-09-08T23:23:22.116130,1142710,Total War: WARHAMMER III,62,65,38887
2025-09-08T23:23:22.116130,221100,DayZ,63,62,62953
2025-09-08T23:23:22.116130,291550,Brawlhalla,64,63,14886
2025-09-08T23:23:22.116130,244210,Assetto Corsa,65,67,16340
2025-09-08T23:23:22.116130,1665460,eFootball™,66,64,19001
2025-09-08T23:23:22.116130,2073850,THE FINALS,67,68,22595
2025-09-08T23:23:22.116130,294100,RimWorld,68,60,45666
2025-09-08T23:23:22.116130,108600,Project Zomboid,69,69,30660
2025-09-08T23:23:22.116130,1551360,Forza Horizon 5,70,66,17360
2025-09-08T23:23:22.116130,489830,The Elder Scrolls V: Skyrim Special Edition,71,72,27544
2025-09-08T23:23:22.116130,3513350,Wuthering Waves,72,70,16152
2025-09-08T23:23:22.116130,646570,Slay the Spire,73,79,18593
2025-09-08T23:23:22.116130,714010,Aimlabs,74,77,6945
2025-09-08T23:23:22.116130,2300320,Farming Simulator 25,75,81,42021
2025-09-08T23:23:22.116130,1085660,Destiny 2,76,75,28075
2025-09-08T23:23:22.116130,1144200,Ready or Not,77,71,14161
2025-09-08T23:23:22.116130,2246340,Monster Hunter Wilds,78,61,27268
2025-09-08T23:23:22.116130,1623730,Palworld,79,76,36921
2025-09-08T23:23:22.116130,1905180,OBS Studio,80,84,24755
2025-09-08T23:23:22.116130,2379780,Balatro,81,78,12314
2025-09-08T23:23:22.116130,2878980,NBA 2K25,82,74,21713
2025-09-08T23:23:22.116130,892970,Valheim,83,82,33214
2025-09-08T23:23:22.116130,1329410,1329410,84,73,15275
2025-09-08T23:23:22.116130,629520,Soundpad,85,87,22602
2025-09-08T23:23:22.116130,960090,Bloons TD 6,86,80,11574
2025-09-08T23:23:22.116130,813780,Age of Empires II: Definitive Edition,87,85,23745
2025-09-08T23:23:22.116130,261550,Mount & Blade II: Bannerlord,88,86,31839
2025-09-08T23:23:22.116130,2642680,Half Sword Tech Demo,89,89,7195
2025-09-08T23:23:22.116130,393380,Squad,90,108,19518
2025-09-08T23:23:22.116130,2139460,Once Human,91,90,30224
2025-09-08T23:23:22.116130,1158310,Crusader Kings III,92,92,26009
2025-09-08T23:23:22.116130,526870,Satisfactory,93,88,31481
2025-09-08T23:23:22.116130,990080,Hogwarts Legacy,94,83,21080
2025-09-08T23:23:22.116130,346110,ARK: Survival Evolved,95,93,29726
2025-09-08T23:23:22.116130,292030,The Witcher 3: Wild Hunt,96,91,21883
2025-09-08T23:23:22.116130,3472040,NBA 2K26,97,-1,32055
2025-09-08T23:23:22.116130,1407200,World of Tanks,98,133,20917
2025-09-08T23:23:22.116130,377160,Fallout 4,99,97,20488
2025-09-08T23:23:22.116130,594650,Hunt: Showdown 1896,100,96,21288
2025-09-09T01:57:04.663732,730,Counter-Strike 2,1,1,1383056
2025-09-09T01:57:04.663732,570,Dota 2,2,2,819234
2025-09-09T01:57:04.663732,578080,PUBG: BATTLEGROUNDS,3,3,659282
2025-09-09T01:57:04.663732,431960,Wallpaper Engine,4,4,122830
2025-09-09T01:57:04.663732,1030300,Hollow Knight: Silksong,5,-1,467573
2025-09-09T01:57:04.663732,553850,HELLDIVERS™ 2,6,6,133581
2025-09-09T01:57:04.663732,1172470,Apex Legends™,7,7,178169
2025-09-09T01:57:04.663732,2694490,Path of Exile 2,8,5,220673
2025-09-09T01:57:04.663732,2767030,Marvel Rivals,9,8,94686
2025-09-09T01:57:04.663732,2507950,Delta Force,10,9,205433
2025-09-09T01:57:04.663732,367520,Hollow Knight,11,17,82335
2025-09-09T01:57:04.663732,236390,War Thunder,12,12,68103
2025-09-09T01:57:04.663732,359550,Tom Clancy's Rainbow Six® Siege X,13,11,73716
2025-09-09T01:57:04.663732,1203220,NARAKA: BLADEPOINT,14,15,128923
2025-09-09T01:57:04.663732,381210,Dead by Daylight,15,14,66540
2025-09-09T01:57:04.663732,413150,Stardew Valley,16,13,102064
2025-09-09T01:57:04.663732,275850,No Man's Sky,17,16,82847
2025-09-09T01:57:04.663732,3527290,PEAK,18,10,45918
2025-09-09T01:57:04.663732,252490,Rust,19,23,125412
2025-09-09T01:57:04.663732,271590,Grand Theft Auto V Legacy,20,18,85433
2025-09-09T01:57:04.663732,1086940,Baldur's Gate 3,21,24,68901
2025-09-09T01:57:04.663732,1938090,Call of Duty®,22,19,52500
2025-09-09T01:57:04.663732,440,Team Fortress 2,23,25,62088
2025-09-09T01:57:04.663732,3240220,Grand Theft Auto V Enhanced,24,22,60035
2025-09-09T01:57:04.663732,2669320,EA SPORTS FC™ 25,25,20,42978
2025-09-09T01:57:04.663732,230410,Warframe,26,29,53331
2025-09-09T01:57:04.663732,2357570,Overwatch® 2,27,27,35837
2025-09-09T01:57:04.663732,105600,Terraria,28,26,27393
2025-09-09T01:57:04.663732,1973530,Limbus Company,29,34,37581
2025-09-09T01:57:04.663732,227300,Euro Truck Simulator 2,30,28,41161
2025-09-09T01:57:04.663732,1174180,Red Dead Redemption 2,31,35,46897
2025-09-09T01:57:04.663732,1422450,Deadlock,32,30,47367
2025-09-09T01:57:04.663732,1517290,Battlefield™ 2042,33,21,40579
2025-09-09T01:57:04.663732,322170,Geometry Dash,34,31,26705
2025-09-09T01:57:04.663732,1091500,Cyberpunk 2077,35,32,41312
2025-09-09T01:57:04.663732,438100,VRChat,36,36,47288
2025-09-09T01:57:04.663732,550,Left 4 Dead 2,37,37,27157
2025-09-09T01:57:04.663732,3241660,R.E.P.O.,38,33,29403
2025-09-09T01:57:04.663732,3419430,Bongo Cat,39,43,126716
2025-09-09T01:57:04.663732,394360,Hearts of Iron IV,40,39,45770
2025-09-09T01:57:04.663732,322330,饥荒联机版,41,42,45251
2025-09-09T01:57:04.663732,2584990,Shadowverse: Worlds Beyond,42,38,35402
2025-09-09T01:57:04.663732,284160,BeamNG.drive,43,40,24080
2025-09-09T01:57:04.663732,3224770,Umamusume: Pretty Derby,44,44,26558
2025-09-09T01:57:04.663732,1222670,The Sims™ 4,45,45,29158
2025-09-09T01:57:04.663732,252950,Rocket League®,46,49,25232
2025-09-09T01:57:04.663732,3164500,Schedule I,47,48,33790
2025-09-09T01:57:04.663732,1366800,Crosshair X,48,53,50402
2025-09-09T01:57:04.663732,1245620,ELDEN RING,49,46,32570
2025-09-09T01:57:04.663732,250900,The Binding of Isaac: Rebirth,50,47,19835
2025-09-09T01:57:04.663732,2183900,"Warhammer 40,000: Space Marine 2",51,107,28626
2025-09-09T01:57:04.663732,1364780,Street Fighter™ 6,52,54,36207
2025-09-09T01:57:04.663732,1449850,Yu-Gi-Oh! Master Duel,53,52,14796
2025-09-09T01:57:04.663732,2622380,ELDEN RING NIGHTREIGN,54,41,38838
2025-09-09T01:57:04.663732,1281930,tModLoader,55,50,30094
2025-09-09T01:57:04.663732,289070,Sid Meier’s Civilization® VI,56,56,39809
2025-09-09T01:57:04.663732,2252570,Football Manager 2024,57,58,66174
2025-09-09T01:57:04.663732,4000,Garry's Mod,58,51,24619
2025-09-09T01:57:04.663732,251570,7 Days to Die,59,57,36401
2025-09-09T01:57:04.663732,1665460,eFootball™,60,60,16534
2025-09-09T01:57:04.663732,221100,DayZ,61,62,53265
2025-09-09T01:57:04.663732,739630,Phasmophobia,62,55,18162
2025-09-09T01:57:04.663732,1142710,Total War: WARHAMMER III,63,65,29496
2025-09-09T01:57:04.663732,2073850,THE FINALS,64,64,18983
2025-09-09T01:57:04.663732,291550,Brawlhalla,65,63,11434
2025-09-09T01:57:04.663732,294100,RimWorld,66,61,35959
2025-09-09T01:57:04.663732,2358720,Black Myth: Wukong,67,59,32214
2025-09-09T01:57:04.663732,3513350,Wuthering Waves,68,67,14237
2025-09-09T01:57:04.663732,244210,Assetto Corsa,69,66,14053
2025-09-09T01:57:04.663732,646570,Slay the Spire,70,76,17767
2025-09-09T01:57:04.663732,108600,Project Zomboid,71,69,23487
2025-09-09T01:57:04.663732,489830,The Elder Scrolls V: Skyrim Special Edition,72,73,21602
2025-09-09T01:57:04.663732,714010,Aimlabs,73,77,7012
2025-09-09T01:57:04.663732,2379780,Balatro,74,70,11502
2025-09-09T01:57:04.663732,1085660,Destiny 2,75,72,22946
2025-09-09T01:57:04.663732,1551360,Forza Horizon 5,76,71,14122
2025-09-09T01:57:04.663732,1329410,1329410,77,75,15752
2025-09-09T01:57:04.663732,1905180,OBS Studio,78,83,22577
2025-09-09T01:57:04.663732,2300320,Farming Simulator 25,79,84,35572
2025-09-09T01:57:04.663732,2878980,NBA 2K25,80,78,21315
2025-09-09T01:57:04.663732,1623730,Palworld,81,80,30260
2025-09-09T01:57:04.663732,892970,Valheim,82,81,25556
2025-09-09T01:57:04.663732,960090,Bloons TD 6,83,79,9506
2025-09-09T01:57:04.663732,1144200,Ready or Not,84,68,10725
2025-09-09T01:57:04.663732,2246340,Monster Hunter Wilds,85,74,23041
2025-09-09T01:57:04.663732,261550,Mount & Blade II: Bannerlord,86,86,26970
2025-09-09T01:57:04.663732,813780,Age of Empires II: Definitive Edition,87,87,18284
2025-09-09T01:57:04.663732,629520,Soundpad,88,90,19610
2025-09-09T01:57:04.663732,2139460,Once Human,89,88,26835
2025-09-09T01:57:04.663732,1599340,Lost Ark,90,125,21544
2025-09-09T01:57:04.663732,2642680,Half Sword Tech Demo,91,85,5962
2025-09-09T01:57:04.663732,3472040,NBA 2K26,92,183,28271
2025-09-09T01:57:04.663732,1158310,Crusader Kings III,93,92,20573
2025-09-09T01:57:04.663732,393380,Squad,94,114,14812
2025-09-09T01:57:04.663732,526870,Satisfactory,95,89,23844
2025-09-09T01:57:04.663732,1407200,World of Tanks,96,112,19735
2025-09-09T01:57:04.663732,3557620,Blue Archive,97,98,7159
2025-09-09T01:57:04.663732,346110,ARK: Survival Evolved,98,95,24820
2025-09-09T01:57:04.663732,377160,Fallout 4,99,93,15683
2025-09-09T01:57:04.663732,552990,World of Warships,100,103,25019
2025-09-09T03:06:34.467624,730,Counter-Strike 2,1,1,1383056
2025-09-09T03:06:34.467624,570,Dota 2,2,2,819234
2025-09-09T03:06:34.467624,578080,PUBG: BATTLEGROUNDS,3,3,659282
2025-09-09T03:06:34.467624,431960,Wallpaper Engine,4,4,122830
2025-09-09T03:06:34.467624,1030300,Hollow Knight: Silksong,5,-1,467573
2025-09-09T03:06:34.467624,553850,HELLDIVERS™ 2,6,6,133581
2025-09-09T03:06:34.467624,1172470,Apex Legends™,7,7,178169
2025-09-09T03:06:34.467624,2694490,Path of Exile 2,8,5,220673
2025-09-09T03:06:34.467624,2767030,Marvel Rivals,9,8,94686
2025-09-09T03:06:34.467624,2507950,Delta Force,10,9,205433
2025-09-09T03:06:34.467624,367520,Hollow Knight,11,17,82335
2025-09-09T03:06:34.467624,236390,War Thunder,12,12,68103
2025-09-09T03:06:34.467624,359550,Tom Clancy's Rainbow Six® Siege X,13,11,73716
2025-09-09T03:06:34.467624,1203220,NARAKA: BLADEPOINT,14,15,128923
2025-09-09T03:06:34.467624,381210,Dead by Daylight,15,14,66540
2025-09-09T03:06:34.467624,413150,Stardew Valley,16,13,102064
2025-09-09T03:06:34.467624,275850,No Man's Sky,17,16,82847
2025-09-09T03:06:34.467624,3527290,PEAK,18,10,45918
2025-09-09T03:06:34.467624,252490,Rust,19,23,125412
2025-09-09T03:06:34.467624,271590,Grand Theft Auto V Legacy,20,18,85433
2025-09-09T03:06:34.467624,1086940,Baldur's Gate 3,21,24,68901
2025-09-09T03:06:34.467624,1938090,Call of Duty®,22,19,52500
2025-09-09T03:06:34.467624,440,Team Fortress 2,23,25,62088
2025-09-09T03:06:34.467624,3240220,Grand Theft Auto V Enhanced,24,22,60035
2025-09-09T03:06:34.467624,2669320,EA SPORTS FC™ 25,25,20,42978
2025-09-09T03:06:34.467624,230410,Warframe,26,29,53331
2025-09-09T03:06:34.467624,2357570,Overwatch® 2,27,27,35837
2025-09-09T03:06:34.467624,105600,Terraria,28,26,27393
2025-09-09T03:06:34.467624,1973530,Limbus Company,29,34,37581
2025-09-09T03:06:34.467624,227300,Euro Truck Simulator 2,30,28,41161
2025-09-09T03:06:34.467624,1174180,Red Dead Redemption 2,31,35,46897
2025-09-09T03:06:34.467624,1422450,Deadlock,32,30,47367
2025-09-09T03:06:34.467624,1517290,Battlefield™ 2042,33,21,40579
2025-09-09T03:06:34.467624,322170,Geometry Dash,34,31,26705
2025-09-09T03:06:34.467624,1091500,Cyberpunk 2077,35,32,41312
2025-09-09T03:06:34.467624,438100,VRChat,36,36,47288
2025-09-09T03:06:34.467624,550,Left 4 Dead 2,37,37,27157
2025-09-09T03:06:34.467624,3241660,R.E.P.O.,38,33,29403
2025-09-09T03:06:34.467624,3419430,Bongo Cat,39,43,126716
2025-09-09T03:06:34.467624,394360,Hearts of Iron IV,40,39,45770
2025-09-09T03:06:34.467624,322330,饥荒联机版,41,42,45251
2025-09-09T03:06:34.467624,2584990,Shadowverse: Worlds Beyond,42,38,35402
2025-09-09T03:06:34.467624,284160,BeamNG.drive,43,40,24080
2025-09-09T03:06:34.467624,3224770,Umamusume: Pretty Derby,44,44,26558
2025-09-09T03:06:34.467624,1222670,The Sims™ 4,45,45,29158
2025-09-09T03:06:34.467624,252950,Rocket League®,46,49,25232
2025-09-09T03:06:34.467624,3164500,Schedule I,47,48,33790
2025-09-09T03:06:34.467624,1366800,Crosshair X,48,53,50402
2025-09-09T03:06:34.467624,1245620,ELDEN RING,49,46,32570
2025-09-09T03:06:34.467624,250900,The Binding of Isaac: Rebirth,50,47,19835
2025-09-09T03:06:34.467624,2183900,"Warhammer 40,000: Space Marine 2",51,107,28626
2025-09-09T03:06:34.467624,1364780,Street Fighter™ 6,52,54,36207
2025-09-09T03:06:34.467624,1449850,Yu-Gi-Oh! Master Duel,53,52,14796
2025-09-09T03:06:34.467624,2622380,ELDEN RING NIGHTREIGN,54,41,38838
2025-09-09T03:06:34.467624,1281930,tModLoader,55,50,30094
2025-09-09T03:06:34.467624,289070,Sid Meier’s Civilization® VI,56,56,39809
2025-09-09T03:06:34.467624,2252570,Football Manager 2024,57,58,66174
2025-09-09T03:06:34.467624,4000,Garry's Mod,58,51,24619
2025-09-09T03:06:34.467624,251570,7 Days to Die,59,57,36401
2025-09-09T03:06:34.467624,1665460,eFootball™,60,60,16534
2025-09-09T03:06:34.467624,221100,DayZ,61,62,53265
2025-09-09T03:06:34.467624,739630,Phasmophobia,62,55,18162
2025-09-09T03:06:34.467624,1142710,Total War: WARHAMMER III,63,65,29496
2025-09-09T03:06:34.467624,2073850,THE FINALS,64,64,18983
2025-09-09T03:06:34.467624,291550,Brawlhalla,65,63,11434
2025-09-09T03:06:34.467624,294100,RimWorld,66,61,35959
2025-09-09T03:06:34.467624,2358720,Black Myth: Wukong,67,59,32214
2025-09-09T03:06:34.467624,3513350,Wuthering Waves,68,67,14237
2025-09-09T03:06:34.467624,244210,Assetto Corsa,69,66,14053
2025-09-09T03:06:34.467624,646570,Slay the Spire,70,76,17767
2025-09-09T03:06:34.467624,108600,Project Zomboid,71,69,23487
2025-09-09T03:06:34.467624,489830,The Elder Scrolls V: Skyrim Special Edition,72,73,21602
2025-09-09T03:06:34.467624,714010,Aimlabs,73,77,7012
2025-09-09T03:06:34.467624,2379780,Balatro,74,70,11502
2025-09-09T03:06:34.467624,1085660,Destiny 2,75,72,22946
2025-09-09T03:06:34.467624,1551360,Forza Horizon 5,76,71,14122
2025-09-09T03:06:34.467624,1329410,1329410,77,75,15752
2025-09-09T03:06:34.467624,1905180,OBS Studio,78,83,22577
2025-09-09T03:06:34.467624,2300320,Farming Simulator 25,79,84,35572
2025-09-09T03:06:34.467624,2878980,NBA 2K25,80,78,21315
2025-09-09T03:06:34.467624,1623730,Palworld,81,80,30260
2025-09-09T03:06:34.467624,892970,Valheim,82,81,25556
2025-09-09T03:06:34.467624,960090,Bloons TD 6,83,79,9506
2025-09-09T03:06:34.467624,1144200,Ready or Not,84,68,10725
2025-09-09T03:06:34.467624,2246340,Monster Hunter Wilds,85,74,23041
2025-09-09T03:06:34.467624,261550,Mount & Blade II: Bannerlord,86,86,26970
2025-09-09T03:06:34.467624,813780,Age of Empires II: Definitive Edition,87,87,18284
2025-09-09T03:06:34.467624,629520,Soundpad,88,90,19610
2025-09-09T03:06:34.467624,2139460,Once Human,89,88,26835
2025-09-09T03:06:34.467624,1599340,Lost Ark,90,125,21544
2025-09-09T03:06:34.467624,2642680,Half Sword Tech Demo,91,85,5962
2025-09-09T03:06:34.467624,3472040,NBA 2K26,92,183,28271
2025-09-09T03:06:34.467624,1158310,Crusader Kings III,93,92,20573
2025-09-09T03:06:34.467624,393380,Squad,94,114,14812
2025-09-09T03:06:34.467624,526870,Satisfactory,95,89,23844
2025-09-09T03:06:34.467624,1407200,World of Tanks,96,112,19735
2025-09-09T03:06:34.467624,3557620,Blue Archive,97,98,7159
2025-09-09T03:06:34.467624,346110,ARK: Survival Evolved,98,95,24820
2025-09-09T03:06:34.467624,377160,Fallout 4,99,93,15683
2025-09-09T03:06:34.467624,552990,World of Warships,100,103,25019
2025-09-09T04:29:59.609623,730,Counter-Strike 2,1,1,1383056
2025-09-09T04:29:59.609623,570,Dota 2,2,2,819234
2025-09-09T04:29:59.609623,578080,PUBG: BATTLEGROUNDS,3,3,659282
2025-09-09T04:29:59.609623,431960,Wallpaper Engine,4,4,122830
2025-09-09T04:29:59.609623,1030300,Hollow Knight: Silksong,5,-1,467573
2025-09-09T04:29:59.609623,553850,HELLDIVERS™ 2,6,6,133581
2025-09-09T04:29:59.609623,1172470,Apex Legends™,7,7,178169
2025-09-09T04:29:59.609623,2694490,Path of Exile 2,8,5,220673
2025-09-09T04:29:59.609623,2767030,Marvel Rivals,9,8,94686
2025-09-09T04:29:59.609623,2507950,Delta Force,10,9,205433
2025-09-09T04:29:59.609623,367520,Hollow Knight,11,17,82335
2025-09-09T04:29:59.609623,236390,War Thunder,12,12,68103
2025-09-09T04:29:59.609623,359550,Tom Clancy's Rainbow Six® Siege X,13,11,73716
2025-09-09T04:29:59.609623,1203220,NARAKA: BLADEPOINT,14,15,128923
2025-09-09T04:29:59.609623,381210,Dead by Daylight,15,14,66540
2025-09-09T04:29:59.609623,413150,Stardew Valley,16,13,102064
2025-09-09T04:29:59.609623,275850,No Man's Sky,17,16,82847
2025-09-09T04:29:59.609623,3527290,PEAK,18,10,45918
2025-09-09T04:29:59.609623,252490,Rust,19,23,125412
2025-09-09T04:29:59.609623,271590,Grand Theft Auto V Legacy,20,18,85433
2025-09-09T04:29:59.609623,1086940,Baldur's Gate 3,21,24,68901
2025-09-09T04:29:59.609623,1938090,Call of Duty®,22,19,52500
2025-09-09T04:29:59.609623,440,Team Fortress 2,23,25,62088
2025-09-09T04:29:59.609623,3240220,Grand Theft Auto V Enhanced,24,22,60035
2025-09-09T04:29:59.609623,2669320,EA SPORTS FC™ 25,25,20,42978
2025-09-09T04:29:59.609623,230410,Warframe,26,29,53331
2025-09-09T04:29:59.609623,2357570,Overwatch® 2,27,27,35837
2025-09-09T04:29:59.609623,105600,Terraria,28,26,27393
2025-09-09T04:29:59.609623,1973530,Limbus Company,29,34,37581
2025-09-09T04:29:59.609623,227300,Euro Truck Simulator 2,30,28,41161
2025-09-09T04:29:59.609623,1174180,Red Dead Redemption 2,31,35,46897
2025-09-09T04:29:59.609623,1422450,Deadlock,32,30,47367
2025-09-09T04:29:59.609623,1517290,Battlefield™ 2042,33,21,40579
2025-09-09T04:29:59.609623,322170,Geometry Dash,34,31,26705
2025-09-09T04:29:59.609623,1091500,Cyberpunk 2077,35,32,41312
2025-09-09T04:29:59.609623,438100,VRChat,36,36,47288
2025-09-09T04:29:59.609623,550,Left 4 Dead 2,37,37,27157
2025-09-09T04:29:59.609623,3241660,R.E.P.O.,38,33,29403
2025-09-09T04:29:59.609623,3419430,Bongo Cat,39,43,126716
2025-09-09T04:29:59.609623,394360,Hearts of Iron IV,40,39,45770
2025-09-09T04:29:59.609623,322330,饥荒联机版,41,42,45251
2025-09-09T04:29:59.609623,2584990,Shadowverse: Worlds Beyond,42,38,35402
2025-09-09T04:29:59.609623,284160,BeamNG.drive,43,40,24080
2025-09-09T04:29:59.609623,3224770,Umamusume: Pretty Derby,44,44,26558
2025-09-09T04:29:59.609623,1222670,The Sims™ 4,45,45,29158
2025-09-09T04:29:59.609623,252950,Rocket League®,46,49,25232
2025-09-09T04:29:59.609623,3164500,Schedule I,47,48,33790
2025-09-09T04:29:59.609623,1366800,Crosshair X,48,53,50402
2025-09-09T04:29:59.609623,1245620,ELDEN RING,49,46,32570
2025-09-09T04:29:59.609623,250900,The Binding of Isaac: Rebirth,50,47,19835
2025-09-09T04:29:59.609623,2183900,"Warhammer 40,000: Space Marine 2",51,107,28626
2025-09-09T04:29:59.609623,1364780,Street Fighter™ 6,52,54,36207
2025-09-09T04:29:59.609623,1449850,Yu-Gi-Oh! Master Duel,53,52,14796
2025-09-09T04:29:59.609623,2622380,ELDEN RING NIGHTREIGN,54,41,38838
2025-09-09T04:29:59.609623,1281930,tModLoader,55,50,30094
2025-09-09T04:29:59.609623,289070,Sid Meier’s Civilization® VI,56,56,39809
2025-09-09T04:29:59.609623,2252570,Football Manager 2024,57,58,66174
2025-09-09T04:29:59.609623,4000,Garry's Mod,58,51,24619
2025-09-09T04:29:59.609623,251570,7 Days to Die,59,57,36401
2025-09-09T04:29:59.609623,1665460,eFootball™,60,60,16534
2025-09-09T04:29:59.609623,221100,DayZ,61,62,53265
2025-09-09T04:29:59.609623,739630,Phasmophobia,62,55,18162
2025-09-09T04:29:59.609623,1142710,Total War: WARHAMMER III,63,65,29496
2025-09-09T04:29:59.609623,2073850,THE FINALS,64,64,18983
2025-09-09T04:29:59.609623,291550,Brawlhalla,65,63,11434
2025-09-09T04:29:59.609623,294100,RimWorld,66,61,35959
2025-09-09T04:29:59.609623,2358720,Black Myth: Wukong,67,59,32214
2025-09-09T04:29:59.609623,3513350,Wuthering Waves,68,67,14237
2025-09-09T04:29:59.609623,244210,Assetto Corsa,69,66,14053
2025-09-09T04:29:59.609623,646570,Slay the Spire,70,76,17767
2025-09-09T04:29:59.609623,108600,Project Zomboid,71,69,23487
2025-09-09T04:29:59.609623,489830,The Elder Scrolls V: Skyrim Special Edition,72,73,21602
2025-09-09T04:29:59.609623,714010,Aimlabs,73,77,7012
2025-09-09T04:29:59.609623,2379780,Balatro,74,70,11502
2025-09-09T04:29:59.609623,1085660,Destiny 2,75,72,22946
2025-09-09T04:29:59.609623,1551360,Forza Horizon 5,76,71,14122
2025-09-09T04:29:59.609623,1329410,1329410,77,75,15752
2025-09-09T04:29:59.609623,1905180,OBS Studio,78,83,22577
2025-09-09T04:29:59.609623,2300320,Farming Simulator 25,79,84,35572
2025-09-09T04:29:59.609623,2878980,NBA 2K25,80,78,21315
2025-09-09T04:29:59.609623,1623730,Palworld,81,80,30260
2025-09-09T04:29:59.609623,892970,Valheim,82,81,25556
2025-09-09T04:29:59.609623,960090,Bloons TD 6,83,79,9506
2025-09-09T04:29:59.609623,1144200,Ready or Not,84,68,10725
2025-09-09T04:29:59.609623,2246340,Monster Hunter Wilds,85,74,23041
2025-09-09T04:29:59.609623,261550,Mount & Blade II: Bannerlord,86,86,26970
2025-09-09T04:29:59.609623,813780,Age of Empires II: Definitive Edition,87,87,18284
2025-09-09T04:29:59.609623,629520,Soundpad,88,90,19610
2025-09-09T04:29:59.609623,2139460,Once Human,89,88,26835
2025-09-09T04:29:59.609623,1599340,Lost Ark,90,125,21544
2025-09-09T04:29:59.609623,2642680,Half Sword Tech Demo,91,85,5962
2025-09-09T04:29:59.609623,3472040,NBA 2K26,92,183,28271
2025-09-09T04:29:59.609623,1158310,Crusader Kings III,93,92,20573
2025-09-09T04:29:59.609623,393380,Squad,94,114,14812
2025-09-09T04:29:59.609623,526870,Satisfactory,95,89,23844
2025-09-09T04:29:59.609623,1407200,World of Tanks,96,112,19735
2025-09-09T04:29:59.609623,3557620,Blue Archive,97,98,7159
2025-09-09T04:29:59.609623,346110,ARK: Survival Evolved,98,95,24820
2025-09-09T04:29:59.609623,377160,Fallout 4,99,93,15683
2025-09-09T04:29:59.609623,552990,World of Warships,100,103,25019
2025-09-09T05:25:06.648109,730,Counter-Strike 2,1,1,1383056
2025-09-09T05:25:06.648109,570,Dota 2,2,2,819234
2025-09-09T05:25:06.648109,578080,PUBG: BATTLEGROUNDS,3,3,659282
2025-09-09T05:25:06.648109,431960,Wallpaper Engine,4,4,122830
2025-09-09T05:25:06.648109,1030300,Hollow Knight: Silksong,5,-1,467573
2025-09-09T05:25:06.648109,553850,HELLDIVERS™ 2,6,6,133581
2025-09-09T05:25:06.648109,1172470,Apex Legends™,7,7,178169
2025-09-09T05:25:06.648109,2694490,Path of Exile 2,8,5,220673
2025-09-09T05:25:06.648109,2767030,Marvel Rivals,9,8,94686
2025-09-09T05:25:06.648109,2507950,Delta Force,10,9,205433
2025-09-09T05:25:06.648109,367520,Hollow Knight,11,17,82335
2025-09-09T05:25:06.648109,236390,War Thunder,12,12,68103
2025-09-09T05:25:06.648109,359550,Tom Clancy's Rainbow Six® Siege X,13,11,73716
2025-09-09T05:25:06.648109,1203220,NARAKA: BLADEPOINT,14,15,128923
2025-09-09T05:25:06.648109,381210,Dead by Daylight,15,14,66540
2025-09-09T05:25:06.648109,413150,Stardew Valley,16,13,102064
2025-09-09T05:25:06.648109,275850,No Man's Sky,17,16,82847
2025-09-09T05:25:06.648109,3527290,PEAK,18,10,45918
2025-09-09T05:25:06.648109,252490,Rust,19,23,125412
2025-09-09T05:25:06.648109,271590,Grand Theft Auto V Legacy,20,18,85433
2025-09-09T05:25:06.648109,1086940,Baldur's Gate 3,21,24,68901
2025-09-09T05:25:06.648109,1938090,Call of Duty®,22,19,52500
2025-09-09T05:25:06.648109,440,Team Fortress 2,23,25,62088
2025-09-09T05:25:06.648109,3240220,Grand Theft Auto V Enhanced,24,22,60035
2025-09-09T05:25:06.648109,2669320,EA SPORTS FC™ 25,25,20,42978
2025-09-09T05:25:06.648109,230410,Warframe,26,29,53331
2025-09-09T05:25:06.648109,2357570,Overwatch® 2,27,27,35837
2025-09-09T05:25:06.648109,105600,Terraria,28,26,27393
2025-09-09T05:25:06.648109,1973530,Limbus Company,29,34,37581
2025-09-09T05:25:06.648109,227300,Euro Truck Simulator 2,30,28,41161
2025-09-09T05:25:06.648109,1174180,Red Dead Redemption 2,31,35,46897
2025-09-09T05:25:06.648109,1422450,Deadlock,32,30,47367
2025-09-09T05:25:06.648109,1517290,Battlefield™ 2042,33,21,40579
2025-09-09T05:25:06.648109,322170,Geometry Dash,34,31,26705
2025-09-09T05:25:06.648109,1091500,Cyberpunk 2077,35,32,41312
2025-09-09T05:25:06.648109,438100,VRChat,36,36,47288
2025-09-09T05:25:06.648109,550,Left 4 Dead 2,37,37,27157
2025-09-09T05:25:06.648109,3241660,R.E.P.O.,38,33,29403
2025-09-09T05:25:06.648109,3419430,Bongo Cat,39,43,126716
2025-09-09T05:25:06.648109,394360,Hearts of Iron IV,40,39,45770
2025-09-09T05:25:06.648109,322330,饥荒联机版,41,42,45251
2025-09-09T05:25:06.648109,2584990,Shadowverse: Worlds Beyond,42,38,35402
2025-09-09T05:25:06.648109,284160,BeamNG.drive,43,40,24080
2025-09-09T05:25:06.648109,3224770,Umamusume: Pretty Derby,44,44,26558
2025-09-09T05:25:06.648109,1222670,The Sims™ 4,45,45,29158
2025-09-09T05:25:06.648109,252950,Rocket League®,46,49,25232
2025-09-09T05:25:06.648109,3164500,Schedule I,47,48,33790
2025-09-09T05:25:06.648109,1366800,Crosshair X,48,53,50402
2025-09-09T05:25:06.648109,1245620,ELDEN RING,49,46,32570
2025-09-09T05:25:06.648109,250900,The Binding of Isaac: Rebirth,50,47,19835
2025-09-09T05:25:06.648109,2183900,"Warhammer 40,000: Space Marine 2",51,107,28626
2025-09-09T05:25:06.648109,1364780,Street Fighter™ 6,52,54,36207
2025-09-09T05:25:06.648109,1449850,Yu-Gi-Oh! Master Duel,53,52,14796
2025-09-09T05:25:06.648109,2622380,ELDEN RING NIGHTREIGN,54,41,38838
2025-09-09T05:25:06.648109,1281930,tModLoader,55,50,30094
2025-09-09T05:25:06.648109,289070,Sid Meier’s Civilization® VI,56,56,39809
2025-09-09T05:25:06.648109,2252570,Football Manager 2024,57,58,66174
2025-09-09T05:25:06.648109,4000,Garry's Mod,58,51,24619
2025-09-09T05:25:06.648109,251570,7 Days to Die,59,57,36401
2025-09-09T05:25:06.648109,1665460,eFootball™,60,60,16534
2025-09-09T05:25:06.648109,221100,DayZ,61,62,53265
2025-09-09T05:25:06.648109,739630,Phasmophobia,62,55,18162
2025-09-09T05:25:06.648109,1142710,Total War: WARHAMMER III,63,65,29496
2025-09-09T05:25:06.648109,2073850,THE FINALS,64,64,18983
2025-09-09T05:25:06.648109,291550,Brawlhalla,65,63,11434
2025-09-09T05:25:06.648109,294100,RimWorld,66,61,35959
2025-09-09T05:25:06.648109,2358720,Black Myth: Wukong,67,59,32214
2025-09-09T05:25:06.648109,3513350,Wuthering Waves,68,67,14237
2025-09-09T05:25:06.648109,244210,Assetto Corsa,69,66,14053
2025-09-09T05:25:06.648109,646570,Slay the Spire,70,76,17767
2025-09-09T05:25:06.648109,108600,Project Zomboid,71,69,23487
2025-09-09T05:25:06.648109,489830,The Elder Scrolls V: Skyrim Special Edition,72,73,21602
2025-09-09T05:25:06.648109,714010,Aimlabs,73,77,7012
2025-09-09T05:25:06.648109,2379780,Balatro,74,70,11502
2025-09-09T05:25:06.648109,1085660,Destiny 2,75,72,22946
2025-09-09T05:25:06.648109,1551360,Forza Horizon 5,76,71,14122
2025-09-09T05:25:06.648109,1329410,1329410,77,75,15752
2025-09-09T05:25:06.648109,1905180,OBS Studio,78,83,22577
2025-09-09T05:25:06.648109,2300320,Farming Simulator 25,79,84,35572
2025-09-09T05:25:06.648109,2878980,NBA 2K25,80,78,21315
2025-09-09T05:25:06.648109,1623730,Palworld,81,80,30260
2025-09-09T05:25:06.648109,892970,Valheim,82,81,25556
2025-09-09T05:25:06.648109,960090,Bloons TD 6,83,79,9506
2025-09-09T05:25:06.648109,1144200,Ready or Not,84,68,10725
2025-09-09T05:25:06.648109,2246340,Monster Hunter Wilds,85,74,23041
2025-09-09T05:25:06.648109,261550,Mount & Blade II: Bannerlord,86,86,26970
2025-09-09T05:25:06.648109,813780,Age of Empires II: Definitive Edition,87,87,18284
2025-09-09T05:25:06.648109,629520,Soundpad,88,90,19610
2025-09-09T05:25:06.648109,2139460,Once Human,89,88,26835
2025-09-09T05:25:06.648109,1599340,Lost Ark,90,125,21544
2025-09-09T05:25:06.648109,2642680,Half Sword Tech Demo,91,85,5962
2025-09-09T05:25:06.648109,3472040,NBA 2K26,92,183,28271
2025-09-09T05:25:06.648109,1158310,Crusader Kings III,93,92,20573
2025-09-09T05:25:06.648109,393380,Squad,94,114,14812
2025-09-09T05:25:06.648109,526870,Satisfactory,95,89,23844
2025-09-09T05:25:06.648109,1407200,World of Tanks,96,112,19735
2025-09-09T05:25:06.648109,3557620,Blue Archive,97,98,7159
2025-09-09T05:25:06.648109,346110,ARK: Survival Evolved,98,95,24820
2025-09-09T05:25:06.648109,377160,Fallout 4,99,93,15683
2025-09-09T05:25:06.648109,552990,World of Warships,100,103,25019
2025-09-09T06:37:25.780899,730,Counter-Strike 2,1,1,1383056
2025-09-09T06:37:25.780899,570,Dota 2,2,2,819234
2025-09-09T06:37:25.780899,578080,PUBG: BATTLEGROUNDS,3,3,659282
2025-09-09T06:37:25.780899,431960,Wallpaper Engine,4,4,122830
2025-09-09T06:37:25.780899,1030300,Hollow Knight: Silksong,5,-1,467573
2025-09-09T06:37:25.780899,553850,HELLDIVERS™ 2,6,6,133581
2025-09-09T06:37:25.780899,1172470,Apex Legends™,7,7,178169
2025-09-09T06:37:25.780899,2694490,Path of Exile 2,8,5,220673
2025-09-09T06:37:25.780899,2767030,Marvel Rivals,9,8,94686
2025-09-09T06:37:25.780899,2507950,Delta Force,10,9,205433
2025-09-09T06:37:25.780899,367520,Hollow Knight,11,17,82335
2025-09-09T06:37:25.780899,236390,War Thunder,12,12,68103
2025-09-09T06:37:25.780899,359550,Tom Clancy's Rainbow Six® Siege X,13,11,73716
2025-09-09T06:37:25.780899,1203220,NARAKA: BLADEPOINT,14,15,128923
2025-09-09T06:37:25.780899,381210,Dead by Daylight,15,14,66540
2025-09-09T06:37:25.780899,413150,Stardew Valley,16,13,102064
2025-09-09T06:37:25.780899,275850,No Man's Sky,17,16,82847
2025-09-09T06:37:25.780899,3527290,PEAK,18,10,45918
2025-09-09T06:37:25.780899,252490,Rust,19,23,125412
2025-09-09T06:37:25.780899,271590,Grand Theft Auto V Legacy,20,18,85433
2025-09-09T06:37:25.780899,1086940,Baldur's Gate 3,21,24,68901
2025-09-09T06:37:25.780899,1938090,Call of Duty®,22,19,52500
2025-09-09T06:37:25.780899,440,Team Fortress 2,23,25,62088
2025-09-09T06:37:25.780899,3240220,Grand Theft Auto V Enhanced,24,22,60035
2025-09-09T06:37:25.780899,2669320,EA SPORTS FC™ 25,25,20,42978
2025-09-09T06:37:25.780899,230410,Warframe,26,29,53331
2025-09-09T06:37:25.780899,2357570,Overwatch® 2,27,27,35837
2025-09-09T06:37:25.780899,105600,Terraria,28,26,27393
2025-09-09T06:37:25.780899,1973530,Limbus Company,29,34,37581
2025-09-09T06:37:25.780899,227300,Euro Truck Simulator 2,30,28,41161
2025-09-09T06:37:25.780899,1174180,Red Dead Redemption 2,31,35,46897
2025-09-09T06:37:25.780899,1422450,Deadlock,32,30,47367
2025-09-09T06:37:25.780899,1517290,Battlefield™ 2042,33,21,40579
2025-09-09T06:37:25.780899,322170,Geometry Dash,34,31,26705
2025-09-09T06:37:25.780899,1091500,Cyberpunk 2077,35,32,41312
2025-09-09T06:37:25.780899,438100,VRChat,36,36,47288
2025-09-09T06:37:25.780899,550,Left 4 Dead 2,37,37,27157
2025-09-09T06:37:25.780899,3241660,R.E.P.O.,38,33,29403
2025-09-09T06:37:25.780899,3419430,Bongo Cat,39,43,126716
2025-09-09T06:37:25.780899,394360,Hearts of Iron IV,40,39,45770
2025-09-09T06:37:25.780899,322330,饥荒联机版,41,42,45251
2025-09-09T06:37:25.780899,2584990,Shadowverse: Worlds Beyond,42,38,35402
2025-09-09T06:37:25.780899,284160,BeamNG.drive,43,40,24080
2025-09-09T06:37:25.780899,3224770,Umamusume: Pretty Derby,44,44,26558
2025-09-09T06:37:25.780899,1222670,The Sims™ 4,45,45,29158
2025-09-09T06:37:25.780899,252950,Rocket League®,46,49,25232
2025-09-09T06:37:25.780899,3164500,Schedule I,47,48,33790
2025-09-09T06:37:25.780899,1366800,Crosshair X,48,53,50402
2025-09-09T06:37:25.780899,1245620,ELDEN RING,49,46,32570
2025-09-09T06:37:25.780899,250900,The Binding of Isaac: Rebirth,50,47,19835
2025-09-09T06:37:25.780899,2183900,"Warhammer 40,000: Space Marine 2",51,107,28626
2025-09-09T06:37:25.780899,1364780,Street Fighter™ 6,52,54,36207
2025-09-09T06:37:25.780899,1449850,Yu-Gi-Oh! Master Duel,53,52,14796
2025-09-09T06:37:25.780899,2622380,ELDEN RING NIGHTREIGN,54,41,38838
2025-09-09T06:37:25.780899,1281930,tModLoader,55,50,30094
2025-09-09T06:37:25.780899,289070,Sid Meier’s Civilization® VI,56,56,39809
2025-09-09T06:37:25.780899,2252570,Football Manager 2024,57,58,66174
2025-09-09T06:37:25.780899,4000,Garry's Mod,58,51,24619
2025-09-09T06:37:25.780899,251570,7 Days to Die,59,57,36401
2025-09-09T06:37:25.780899,1665460,eFootball™,60,60,16534
2025-09-09T06:37:25.780899,221100,DayZ,61,62,53265
2025-09-09T06:37:25.780899,739630,Phasmophobia,62,55,18162
2025-09-09T06:37:25.780899,1142710,Total War: WARHAMMER III,63,65,29496
2025-09-09T06:37:25.780899,2073850,THE FINALS,64,64,18983
2025-09-09T06:37:25.780899,291550,Brawlhalla,65,63,11434
2025-09-09T06:37:25.780899,294100,RimWorld,66,61,35959
2025-09-09T06:37:25.780899,2358720,Black Myth: Wukong,67,59,32214
2025-09-09T06:37:25.780899,3513350,Wuthering Waves,68,67,14237
2025-09-09T06:37:25.780899,244210,Assetto Corsa,69,66,14053
2025-09-09T06:37:25.780899,646570,Slay the Spire,70,76,17767
2025-09-09T06:37:25.780899,108600,Project Zomboid,71,69,23487
2025-09-09T06:37:25.780899,489830,The Elder Scrolls V: Skyrim Special Edition,72,73,21602
2025-09-09T06:37:25.780899,714010,Aimlabs,73,77,7012
2025-09-09T06:37:25.780899,2379780,Balatro,74,70,11502
2025-09-09T06:37:25.780899,1085660,Destiny 2,75,72,22946
2025-09-09T06:37:25.780899,1551360,Forza Horizon 5,76,71,14122
2025-09-09T06:37:25.780899,1329410,1329410,77,75,15752
2025-09-09T06:37:25.780899,1905180,OBS Studio,78,83,22577
2025-09-09T06:37:25.780899,2300320,Farming Simulator 25,79,84,35572
2025-09-09T06:37:25.780899,2878980,NBA 2K25,80,78,21315
2025-09-09T06:37:25.780899,1623730,Palworld,81,80,30260
2025-09-09T06:37:25.780899,892970,Valheim,82,81,25556
2025-09-09T06:37:25.780899,960090,Bloons TD 6,83,79,9506
2025-09-09T06:37:25.780899,1144200,Ready or Not,84,68,10725
2025-09-09T06:37:25.780899,2246340,Monster Hunter Wilds,85,74,23041
2025-09-09T06:37:25.780899,261550,Mount & Blade II: Bannerlord,86,86,26970
2025-09-09T06:37:25.780899,813780,Age of Empires II: Definitive Edition,87,87,18284
2025-09-09T06:37:25.780899,629520,Soundpad,88,90,19610
2025-09-09T06:37:25.780899,2139460,Once Human,89,88,26835
2025-09-09T06:37:25.780899,1599340,Lost Ark,90,125,21544
2025-09-09T06:37:25.780899,2642680,Half Sword Tech Demo,91,85,5962
2025-09-09T06:37:25.780899,3472040,NBA 2K26,92,183,28271
2025-09-09T06:37:25.780899,1158310,Crusader Kings III,93,92,20573
2025-09-09T06:37:25.780899,393380,Squad,94,114,14812
2025-09-09T06:37:25.780899,526870,Satisfactory,95,89,23844
2025-09-09T06:37:25.780899,1407200,World of Tanks,96,112,19735
2025-09-09T06:37:25.780899,3557620,Blue Archive,97,98,7159
2025-09-09T06:37:25.780899,346110,ARK: Survival Evolved,98,95,24820
2025-09-09T06:37:25.780899,377160,Fallout 4,99,93,15683
2025-09-09T06:37:25.780899,552990,World of Warships,100,103,25019
2025-09-09T07:24:41.819016,730,Counter-Strike 2,1,1,1383056
2025-09-09T07:24:41.819016,570,Dota 2,2,2,819234
2025-09-09T07:24:41.819016,578080,PUBG: BATTLEGROUNDS,3,3,659282
2025-09-09T07:24:41.819016,431960,Wallpaper Engine,4,4,122830
2025-09-09T07:24:41.819016,1030300,Hollow Knight: Silksong,5,-1,467573
2025-09-09T07:24:41.819016,553850,HELLDIVERS™ 2,6,6,133581
2025-09-09T07:24:41.819016,1172470,Apex Legends™,7,7,178169
2025-09-09T07:24:41.819016,2694490,Path of Exile 2,8,5,220673
2025-09-09T07:24:41.819016,2767030,Marvel Rivals,9,8,94686
2025-09-09T07:24:41.819016,2507950,Delta Force,10,9,205433
2025-09-09T07:24:41.819016,367520,Hollow Knight,11,17,82335
2025-09-09T07:24:41.819016,236390,War Thunder,12,12,68103
2025-09-09T07:24:41.819016,359550,Tom Clancy's Rainbow Six® Siege X,13,11,73716
2025-09-09T07:24:41.819016,1203220,NARAKA: BLADEPOINT,14,15,128923
2025-09-09T07:24:41.819016,381210,Dead by Daylight,15,14,66540
2025-09-09T07:24:41.819016,413150,Stardew Valley,16,13,102064
2025-09-09T07:24:41.819016,275850,No Man's Sky,17,16,82847
2025-09-09T07:24:41.819016,3527290,PEAK,18,10,45918
2025-09-09T07:24:41.819016,252490,Rust,19,23,125412
2025-09-09T07:24:41.819016,271590,Grand Theft Auto V Legacy,20,18,85433
2025-09-09T07:24:41.819016,1086940,Baldur's Gate 3,21,24,68901
2025-09-09T07:24:41.819016,1938090,Call of Duty®,22,19,52500
2025-09-09T07:24:41.819016,440,Team Fortress 2,23,25,62088
2025-09-09T07:24:41.819016,3240220,Grand Theft Auto V Enhanced,24,22,60035
2025-09-09T07:24:41.819016,2669320,EA SPORTS FC™ 25,25,20,42978
2025-09-09T07:24:41.819016,230410,Warframe,26,29,53331
2025-09-09T07:24:41.819016,2357570,Overwatch® 2,27,27,35837
2025-09-09T07:24:41.819016,105600,Terraria,28,26,27393
2025-09-09T07:24:41.819016,1973530,Limbus Company,29,34,37581
2025-09-09T07:24:41.819016,227300,Euro Truck Simulator 2,30,28,41161
2025-09-09T07:24:41.819016,1174180,Red Dead Redemption 2,31,35,46897
2025-09-09T07:24:41.819016,1422450,Deadlock,32,30,47367
2025-09-09T07:24:41.819016,1517290,Battlefield™ 2042,33,21,40579
2025-09-09T07:24:41.819016,322170,Geometry Dash,34,31,26705
2025-09-09T07:24:41.819016,1091500,Cyberpunk 2077,35,32,41312
2025-09-09T07:24:41.819016,438100,VRChat,36,36,47288
2025-09-09T07:24:41.819016,550,Left 4 Dead 2,37,37,27157
2025-09-09T07:24:41.819016,3241660,R.E.P.O.,38,33,29403
2025-09-09T07:24:41.819016,3419430,Bongo Cat,39,43,126716
2025-09-09T07:24:41.819016,394360,Hearts of Iron IV,40,39,45770
2025-09-09T07:24:41.819016,322330,饥荒联机版,41,42,45251
2025-09-09T07:24:41.819016,2584990,Shadowverse: Worlds Beyond,42,38,35402
2025-09-09T07:24:41.819016,284160,BeamNG.drive,43,40,24080
2025-09-09T07:24:41.819016,3224770,Umamusume: Pretty Derby,44,44,26558
2025-09-09T07:24:41.819016,1222670,The Sims™ 4,45,45,29158
2025-09-09T07:24:41.819016,252950,Rocket League®,46,49,25232
2025-09-09T07:24:41.819016,3164500,Schedule I,47,48,33790
2025-09-09T07:24:41.819016,1366800,Crosshair X,48,53,50402
2025-09-09T07:24:41.819016,1245620,ELDEN RING,49,46,32570
2025-09-09T07:24:41.819016,250900,The Binding of Isaac: Rebirth,50,47,19835
2025-09-09T07:24:41.819016,2183900,"Warhammer 40,000: Space Marine 2",51,107,28626
2025-09-09T07:24:41.819016,1364780,Street Fighter™ 6,52,54,36207
2025-09-09T07:24:41.819016,1449850,Yu-Gi-Oh! Master Duel,53,52,14796
2025-09-09T07:24:41.819016,2622380,ELDEN RING NIGHTREIGN,54,41,38838
2025-09-09T07:24:41.819016,1281930,tModLoader,55,50,30094
2025-09-09T07:24:41.819016,289070,Sid Meier’s Civilization® VI,56,56,39809
2025-09-09T07:24:41.819016,2252570,Football Manager 2024,57,58,66174
2025-09-09T07:24:41.819016,4000,Garry's Mod,58,51,24619
2025-09-09T07:24:41.819016,251570,7 Days to Die,59,57,36401
2025-09-09T07:24:41.819016,1665460,eFootball™,60,60,16534
2025-09-09T07:24:41.819016,221100,DayZ,61,62,53265
2025-09-09T07:24:41.819016,739630,Phasmophobia,62,55,18162
2025-09-09T07:24:41.819016,1142710,Total War: WARHAMMER III,63,65,29496
2025-09-09T07:24:41.819016,2073850,THE FINALS,64,64,18983
2025-09-09T07:24:41.819016,291550,Brawlhalla,65,63,11434
2025-09-09T07:24:41.819016,294100,RimWorld,66,61,35959
2025-09-09T07:24:41.819016,2358720,Black Myth: Wukong,67,59,32214
2025-09-09T07:24:41.819016,3513350,Wuthering Waves,68,67,14237
2025-09-09T07:24:41.819016,244210,Assetto Corsa,69,66,14053
2025-09-09T07:24:41.819016,646570,Slay the Spire,70,76,17767
2025-09-09T07:24:41.819016,108600,Project Zomboid,71,69,23487
2025-09-09T07:24:41.819016,489830,The Elder Scrolls V: Skyrim Special Edition,72,73,21602
2025-09-09T07:24:41.819016,714010,Aimlabs,73,77,7012
2025-09-09T07:24:41.819016,2379780,Balatro,74,70,11502
2025-09-09T07:24:41.819016,1085660,Destiny 2,75,72,22946
2025-09-09T07:24:41.819016,1551360,Forza Horizon 5,76,71,14122
2025-09-09T07:24:41.819016,1329410,1329410,77,75,15752
2025-09-09T07:24:41.819016,1905180,OBS Studio,78,83,22577
2025-09-09T07:24:41.819016,2300320,Farming Simulator 25,79,84,35572
2025-09-09T07:24:41.819016,2878980,NBA 2K25,80,78,21315
2025-09-09T07:24:41.819016,1623730,Palworld,81,80,30260
2025-09-09T07:24:41.819016,892970,Valheim,82,81,25556
2025-09-09T07:24:41.819016,960090,Bloons TD 6,83,79,9506
2025-09-09T07:24:41.819016,1144200,Ready or Not,84,68,10725
2025-09-09T07:24:41.819016,2246340,Monster Hunter Wilds,85,74,23041
2025-09-09T07:24:41.819016,261550,Mount & Blade II: Bannerlord,86,86,26970
2025-09-09T07:24:41.819016,813780,Age of Empires II: Definitive Edition,87,87,18284
2025-09-09T07:24:41.819016,629520,Soundpad,88,90,19610
2025-09-09T07:24:41.819016,2139460,Once Human,89,88,26835
2025-09-09T07:24:41.819016,1599340,Lost Ark,90,125,21544
2025-09-09T07:24:41.819016,2642680,Half Sword Tech Demo,91,85,5962
2025-09-09T07:24:41.819016,3472040,NBA 2K26,92,183,28271
2025-09-09T07:24:41.819016,1158310,Crusader Kings III,93,92,20573
2025-09-09T07:24:41.819016,393380,Squad,94,114,14812
2025-09-09T07:24:41.819016,526870,Satisfactory,95,89,23844
2025-09-09T07:24:41.819016,1407200,World of Tanks,96,112,19735
2025-09-09T07:24:41.819016,3557620,Blue Archive,97,98,7159
2025-09-09T07:24:41.819016,346110,ARK: Survival Evolved,98,95,24820
2025-09-09T07:24:41.819016,377160,Fallout 4,99,93,15683
2025-09-09T07:24:41.819016,552990,World of Warships,100,103,25019
2025-09-09T08:34:09.740166,730,Counter-Strike 2,1,1,1383056
2025-09-09T08:34:09.740166,570,Dota 2,2,2,819234
2025-09-09T08:34:09.740166,578080,PUBG: BATTLEGROUNDS,3,3,659282
2025-09-09T08:34:09.740166,431960,Wallpaper Engine,4,4,122830
2025-09-09T08:34:09.740166,1030300,Hollow Knight: Silksong,5,-1,467573
2025-09-09T08:34:09.740166,553850,HELLDIVERS™ 2,6,6,133581
2025-09-09T08:34:09.740166,1172470,Apex Legends™,7,7,178169
2025-09-09T08:34:09.740166,2694490,Path of Exile 2,8,5,220673
2025-09-09T08:34:09.740166,2767030,Marvel Rivals,9,8,94686
2025-09-09T08:34:09.740166,2507950,Delta Force,10,9,205433
2025-09-09T08:34:09.740166,367520,Hollow Knight,11,17,82335
2025-09-09T08:34:09.740166,236390,War Thunder,12,12,68103
2025-09-09T08:34:09.740166,359550,Tom Clancy's Rainbow Six® Siege X,13,11,73716
2025-09-09T08:34:09.740166,1203220,NARAKA: BLADEPOINT,14,15,128923
2025-09-09T08:34:09.740166,381210,Dead by Daylight,15,14,66540
2025-09-09T08:34:09.740166,413150,Stardew Valley,16,13,102064
2025-09-09T08:34:09.740166,275850,No Man's Sky,17,16,82847
2025-09-09T08:34:09.740166,3527290,PEAK,18,10,45918
2025-09-09T08:34:09.740166,252490,Rust,19,23,125412
2025-09-09T08:34:09.740166,271590,Grand Theft Auto V Legacy,20,18,85433
2025-09-09T08:34:09.740166,1086940,Baldur's Gate 3,21,24,68901
2025-09-09T08:34:09.740166,1938090,Call of Duty®,22,19,52500
2025-09-09T08:34:09.740166,440,Team Fortress 2,23,25,62088
2025-09-09T08:34:09.740166,3240220,Grand Theft Auto V Enhanced,24,22,60035
2025-09-09T08:34:09.740166,2669320,EA SPORTS FC™ 25,25,20,42978
2025-09-09T08:34:09.740166,230410,Warframe,26,29,53331
2025-09-09T08:34:09.740166,2357570,Overwatch® 2,27,27,35837
2025-09-09T08:34:09.740166,105600,Terraria,28,26,27393
2025-09-09T08:34:09.740166,1973530,Limbus Company,29,34,37581
2025-09-09T08:34:09.740166,227300,Euro Truck Simulator 2,30,28,41161
2025-09-09T08:34:09.740166,1174180,Red Dead Redemption 2,31,35,46897
2025-09-09T08:34:09.740166,1422450,Deadlock,32,30,47367
2025-09-09T08:34:09.740166,1517290,Battlefield™ 2042,33,21,40579
2025-09-09T08:34:09.740166,322170,Geometry Dash,34,31,26705
2025-09-09T08:34:09.740166,1091500,Cyberpunk 2077,35,32,41312
2025-09-09T08:34:09.740166,438100,VRChat,36,36,47288
2025-09-09T08:34:09.740166,550,Left 4 Dead 2,37,37,27157
2025-09-09T08:34:09.740166,3241660,R.E.P.O.,38,33,29403
2025-09-09T08:34:09.740166,3419430,Bongo Cat,39,43,126716
2025-09-09T08:34:09.740166,394360,Hearts of Iron IV,40,39,45770
2025-09-09T08:34:09.740166,322330,饥荒联机版,41,42,45251
2025-09-09T08:34:09.740166,2584990,Shadowverse: Worlds Beyond,42,38,35402
2025-09-09T08:34:09.740166,284160,BeamNG.drive,43,40,24080
2025-09-09T08:34:09.740166,3224770,Umamusume: Pretty Derby,44,44,26558
2025-09-09T08:34:09.740166,1222670,The Sims™ 4,45,45,29158
2025-09-09T08:34:09.740166,252950,Rocket League®,46,49,25232
2025-09-09T08:34:09.740166,3164500,Schedule I,47,48,33790
2025-09-09T08:34:09.740166,1366800,Crosshair X,48,53,50402
2025-09-09T08:34:09.740166,1245620,ELDEN RING,49,46,32570
2025-09-09T08:34:09.740166,250900,The Binding of Isaac: Rebirth,50,47,19835
2025-09-09T08:34:09.740166,2183900,"Warhammer 40,000: Space Marine 2",51,107,28626
2025-09-09T08:34:09.740166,1364780,Street Fighter™ 6,52,54,36207
2025-09-09T08:34:09.740166,1449850,Yu-Gi-Oh! Master Duel,53,52,14796
2025-09-09T08:34:09.740166,2622380,ELDEN RING NIGHTREIGN,54,41,38838
2025-09-09T08:34:09.740166,1281930,tModLoader,55,50,30094
2025-09-09T08:34:09.740166,289070,Sid Meier’s Civilization® VI,56,56,39809
2025-09-09T08:34:09.740166,2252570,Football Manager 2024,57,58,66174
2025-09-09T08:34:09.740166,4000,Garry's Mod,58,51,24619
2025-09-09T08:34:09.740166,251570,7 Days to Die,59,57,36401
2025-09-09T08:34:09.740166,1665460,eFootball™,60,60,16534
2025-09-09T08:34:09.740166,221100,DayZ,61,62,53265
2025-09-09T08:34:09.740166,739630,Phasmophobia,62,55,18162
2025-09-09T08:34:09.740166,1142710,Total War: WARHAMMER III,63,65,29496
2025-09-09T08:34:09.740166,2073850,THE FINALS,64,64,18983
2025-09-09T08:34:09.740166,291550,Brawlhalla,65,63,11434
2025-09-09T08:34:09.740166,294100,RimWorld,66,61,35959
2025-09-09T08:34:09.740166,2358720,Black Myth: Wukong,67,59,32214
2025-09-09T08:34:09.740166,3513350,Wuthering Waves,68,67,14237
2025-09-09T08:34:09.740166,244210,Assetto Corsa,69,66,14053
2025-09-09T08:34:09.740166,646570,Slay the Spire,70,76,17767
2025-09-09T08:34:09.740166,108600,Project Zomboid,71,69,23487
2025-09-09T08:34:09.740166,489830,The Elder Scrolls V: Skyrim Special Edition,72,73,21602
2025-09-09T08:34:09.740166,714010,Aimlabs,73,77,7012
2025-09-09T08:34:09.740166,2379780,Balatro,74,70,11502
2025-09-09T08:34:09.740166,1085660,Destiny 2,75,72,22946
2025-09-09T08:34:09.740166,1551360,Forza Horizon 5,76,71,14122
2025-09-09T08:34:09.740166,1329410,1329410,77,75,15752
2025-09-09T08:34:09.740166,1905180,OBS Studio,78,83,22577
2025-09-09T08:34:09.740166,2300320,Farming Simulator 25,79,84,35572
2025-09-09T08:34:09.740166,2878980,NBA 2K25,80,78,21315
2025-09-09T08:34:09.740166,1623730,Palworld,81,80,30260
2025-09-09T08:34:09.740166,892970,Valheim,82,81,25556
2025-09-09T08:34:09.740166,960090,Bloons TD 6,83,79,9506
2025-09-09T08:34:09.740166,1144200,Ready or Not,84,68,10725
2025-09-09T08:34:09.740166,2246340,Monster Hunter Wilds,85,74,23041
2025-09-09T08:34:09.740166,261550,Mount & Blade II: Bannerlord,86,86,26970
2025-09-09T08:34:09.740166,813780,Age of Empires II: Definitive Edition,87,87,18284
2025-09-09T08:34:09.740166,629520,Soundpad,88,90,19610
2025-09-09T08:34:09.740166,2139460,Once Human,89,88,26835
2025-09-09T08:34:09.740166,1599340,Lost Ark,90,125,21544
2025-09-09T08:34:09.740166,2642680,Half Sword Tech Demo,91,85,5962
2025-09-09T08:34:09.740166,3472040,NBA 2K26,92,183,28271
2025-09-09T08:34:09.740166,1158310,Crusader Kings III,93,92,20573
2025-09-09T08:34:09.740166,393380,Squad,94,114,14812
2025-09-09T08:34:09.740166,526870,Satisfactory,95,89,23844
2025-09-09T08:34:09.740166,1407200,World of Tanks,96,112,19735
2025-09-09T08:34:09.740166,3557620,Blue Archive,97,98,7159
2025-09-09T08:34:09.740166,346110,ARK: Survival Evolved,98,95,24820
2025-09-09T08:34:09.740166,377160,Fallout 4,99,93,15683
2025-09-09T08:34:09.740166,552990,World of Warships,100,103,25019
2025-09-10T08:13:10.034150,730,Counter-Strike 2,1,1,1396898
2025-09-10T08:13:10.034150,570,Dota 2,2,2,811838
2025-09-10T08:13:10.034150,578080,PUBG: BATTLEGROUNDS,3,3,635892
2025-09-10T08:13:10.034150,431960,Wallpaper Engine,4,4,122579
2025-09-10T08:13:10.034150,1030300,Hollow Knight: Silksong,5,-1,443328
2025-09-10T08:13:10.034150,553850,HELLDIVERS™ 2,6,5,118946
2025-09-10T08:13:10.034150,1172470,Apex Legends™,7,7,181133
2025-09-10T08:13:10.034150,2694490,Path of Exile 2,8,6,205133
2025-09-10T08:13:10.034150,2507950,Delta Force,9,8,205874
2025-09-10T08:13:10.034150,2767030,Marvel Rivals,10,9,90035
2025-09-10T08:13:10.034150,367520,Hollow Knight,11,17,84402
2025-09-10T08:13:10.034150,236390,War Thunder,12,12,67074
2025-09-10T08:13:10.034150,1203220,NARAKA: BLADEPOINT,13,15,127451
2025-09-10T08:13:10.034150,359550,Tom Clancy's Rainbow Six® Siege X,14,10,68553
2025-09-10T08:13:10.034150,381210,Dead by Daylight,15,13,69750
2025-09-10T08:13:10.034150,413150,Stardew Valley,16,14,101488
2025-09-10T08:13:10.034150,275850,No Man's Sky,17,16,75807
2025-09-10T08:13:10.034150,3527290,PEAK,18,11,39464
2025-09-10T08:13:10.034150,252490,Rust,19,26,118975
2025-09-10T08:13:10.034150,271590,Grand Theft Auto V Legacy,20,18,82972
2025-09-10T08:13:10.034150,1938090,Call of Duty®,21,20,48152
2025-09-10T08:13:10.034150,1086940,Baldur's Gate 3,22,23,64409
2025-09-10T08:13:10.034150,440,Team Fortress 2,23,24,62359
2025-09-10T08:13:10.034150,3240220,Grand Theft Auto V Enhanced,24,22,58859
2025-09-10T08:13:10.034150,2669320,EA SPORTS FC™ 25,25,19,42161
2025-09-10T08:13:10.034150,2357570,Overwatch® 2,26,25,35784
2025-09-10T08:13:10.034150,230410,Warframe,27,28,50520
2025-09-10T08:13:10.034150,105600,Terraria,28,27,27680
2025-09-10T08:13:10.034150,1973530,Limbus Company,29,32,35392
2025-09-10T08:13:10.034150,1422450,Deadlock,30,30,45429
2025-09-10T08:13:10.034150,227300,Euro Truck Simulator 2,31,29,39652
2025-09-10T08:13:10.034150,322170,Geometry Dash,32,33,27079
2025-09-10T08:13:10.034150,1174180,Red Dead Redemption 2,33,35,45904
2025-09-10T08:13:10.034150,1517290,Battlefield™ 2042,34,21,34532
2025-09-10T08:13:10.034150,1091500,Cyberpunk 2077,35,31,40241
2025-09-10T08:13:10.034150,438100,VRChat,36,36,47604
2025-09-10T08:13:10.034150,3419430,Bongo Cat,37,40,125963
2025-09-10T08:13:10.034150,550,Left 4 Dead 2,38,37,23613
2025-09-10T08:13:10.034150,3241660,R.E.P.O.,39,34,28927
2025-09-10T08:13:10.034150,394360,Hearts of Iron IV,40,39,46589
2025-09-10T08:13:10.034150,322330,饥荒联机版,41,41,44739
2025-09-10T08:13:10.034150,2584990,Shadowverse: Worlds Beyond,42,38,33065
2025-09-10T08:13:10.034150,284160,BeamNG.drive,43,45,23565
2025-09-10T08:13:10.034150,3224770,Umamusume: Pretty Derby,44,43,25800
2025-09-10T08:13:10.034150,252950,Rocket League®,45,48,23027
2025-09-10T08:13:10.034150,1085660,Destiny 2,46,61,54821
2025-09-10T08:13:10.034150,1222670,The Sims™ 4,47,47,27938
2025-09-10T08:13:10.034150,250900,The Binding of Isaac: Rebirth,48,44,19987
2025-09-10T08:13:10.034150,1366800,Crosshair X,49,52,51156
2025-09-10T08:13:10.034150,3164500,Schedule I,50,53,29455
2025-09-10T08:13:10.034150,1245620,ELDEN RING,51,46,32517
2025-09-10T08:13:10.034150,1449850,Yu-Gi-Oh! Master Duel,52,50,15128
2025-09-10T08:13:10.034150,1364780,Street Fighter™ 6,53,49,36378
2025-09-10T08:13:10.034150,2183900,"Warhammer 40,000: Space Marine 2",54,116,25862
2025-09-10T08:13:10.034150,2622380,ELDEN RING NIGHTREIGN,55,42,39378
2025-09-10T08:13:10.034150,289070,Sid Meier’s Civilization® VI,56,55,40304
2025-09-10T08:13:10.034150,1281930,tModLoader,57,51,29934
2025-09-10T08:13:10.034150,2252570,Football Manager 2024,58,54,62434
2025-09-10T08:13:10.034150,1665460,eFootball™,59,57,15992
2025-09-10T08:13:10.034150,4000,Garry's Mod,60,56,24263
2025-09-10T08:13:10.034150,251570,7 Days to Die,61,59,35881
2025-09-10T08:13:10.034150,221100,DayZ,62,64,51588
2025-09-10T08:13:10.034150,2073850,THE FINALS,63,67,18672
2025-09-10T08:13:10.034150,291550,Brawlhalla,64,66,11518
2025-09-10T08:13:10.034150,1142710,Total War: WARHAMMER III,65,60,28345
2025-09-10T08:13:10.034150,739630,Phasmophobia,66,62,16635
2025-09-10T08:13:10.034150,3513350,Wuthering Waves,67,65,13363
2025-09-10T08:13:10.034150,244210,Assetto Corsa,68,68,14147
2025-09-10T08:13:10.034150,646570,Slay the Spire,69,69,18093
2025-09-10T08:13:10.034150,294100,RimWorld,70,63,35285
2025-09-10T08:13:10.034150,2358720,Black Myth: Wukong,71,58,31738
2025-09-10T08:13:10.034150,714010,Aimlabs,72,72,7337
2025-09-10T08:13:10.034150,892970,Valheim,73,84,29517
2025-09-10T08:13:10.034150,2379780,Balatro,74,71,11252
2025-09-10T08:13:10.034150,108600,Project Zomboid,75,73,23092
2025-09-10T08:13:10.034150,489830,The Elder Scrolls V: Skyrim Special Edition,76,74,20784
2025-09-10T08:13:10.034150,2300320,Farming Simulator 25,77,80,37878
2025-09-10T08:13:10.034150,1905180,OBS Studio,78,82,22682
2025-09-10T08:13:10.034150,1551360,Forza Horizon 5,79,75,13988
2025-09-10T08:13:10.034150,1329410,1329410,80,70,15660
2025-09-10T08:13:10.034150,1623730,Palworld,81,81,30879
2025-09-10T08:13:10.034150,1407200,World of Tanks,82,109,20623
2025-09-10T08:13:10.034150,2878980,NBA 2K25,83,77,20956
2025-09-10T08:13:10.034150,960090,Bloons TD 6,84,79,8886
2025-09-10T08:13:10.034150,1158310,Crusader Kings III,85,91,22229
2025-09-10T08:13:10.034150,261550,Mount & Blade II: Bannerlord,86,85,26714
2025-09-10T08:13:10.034150,629520,Soundpad,87,89,19408
2025-09-10T08:13:10.034150,2246340,Monster Hunter Wilds,88,76,22645
2025-09-10T08:13:10.034150,2139460,Once Human,89,86,26194
2025-09-10T08:13:10.034150,2642680,Half Sword Tech Demo,90,88,5709
2025-09-10T08:13:10.034150,813780,Age of Empires II: Definitive Edition,91,87,17753
2025-09-10T08:13:10.034150,1144200,Ready or Not,92,78,9958
2025-09-10T08:13:10.034150,3472040,NBA 2K26,93,165,27554
2025-09-10T08:13:10.034150,1172710,Dune: Awakening,94,97,26338
2025-09-10T08:13:10.034150,1771300,Kingdom Come: Deliverance II,95,124,25744
2025-09-10T08:13:10.034150,3557620,Blue Archive,96,94,11819
2025-09-10T08:13:10.034150,1599340,Lost Ark,97,118,19749
2025-09-10T08:13:10.034150,552990,World of Warships,98,101,25002
2025-09-10T08:13:10.034150,526870,Satisfactory,99,90,23499
2025-09-10T08:13:10.034150,594650,Hunt: Showdown 1896,100,95,17167
2025-09-11T08:13:22.031444,730,Counter-Strike 2,1,1,1528765
2025-09-11T08:13:22.031444,570,Dota 2,2,2,797582
2025-09-11T08:13:22.031444,578080,PUBG: BATTLEGROUNDS,3,3,665698
2025-09-11T08:13:22.031444,431960,Wallpaper Engine,4,4,118203
2025-09-11T08:13:22.031444,1030300,Hollow Knight: Silksong,5,-1,407674
2025-09-11T08:13:22.031444,553850,HELLDIVERS™ 2,6,5,117750
2025-09-11T08:13:22.031444,1172470,Apex Legends™,7,7,180063
2025-09-11T08:13:22.031444,2694490,Path of Exile 2,8,6,193362
2025-09-11T08:13:22.031444,2507950,Delta Force,9,8,204626
2025-09-11T08:13:22.031444,2767030,Marvel Rivals,10,9,89227
2025-09-11T08:13:22.031444,367520,Hollow Knight,11,14,82398
2025-09-11T08:13:22.031444,236390,War Thunder,12,12,66531
2025-09-11T08:13:22.031444,359550,Tom Clancy's Rainbow Six® Siege X,13,10,68950
2025-09-11T08:13:22.031444,1203220,NARAKA: BLADEPOINT,14,13,123730
2025-09-11T08:13:22.031444,413150,Stardew Valley,15,15,97744
2025-09-11T08:13:22.031444,381210,Dead by Daylight,16,11,55491
2025-09-11T08:13:22.031444,275850,No Man's Sky,17,17,70317
2025-09-11T08:13:22.031444,3527290,PEAK,18,16,40212
2025-09-11T08:13:22.031444,271590,Grand Theft Auto V Legacy,19,18,81960
2025-09-11T08:13:22.031444,252490,Rust,20,28,112002
2025-09-11T08:13:22.031444,1938090,Call of Duty®,21,19,46119
2025-09-11T08:13:22.031444,440,Team Fortress 2,22,25,47671
2025-09-11T08:13:22.031444,1086940,Baldur's Gate 3,23,22,61908
2025-09-11T08:13:22.031444,230410,Warframe,24,26,61682
2025-09-11T08:13:22.031444,3240220,Grand Theft Auto V Enhanced,25,21,56161
2025-09-11T08:13:22.031444,2669320,EA SPORTS FC™ 25,26,20,41423
2025-09-11T08:13:22.031444,2357570,Overwatch® 2,27,24,34488
2025-09-11T08:13:22.031444,1973530,Limbus Company,28,29,35897
2025-09-11T08:13:22.031444,105600,Terraria,29,27,26639
2025-09-11T08:13:22.031444,227300,Euro Truck Simulator 2,30,30,39193
2025-09-11T08:13:22.031444,1422450,Deadlock,31,31,43482
2025-09-11T08:13:22.031444,322170,Geometry Dash,32,33,27044
2025-09-11T08:13:22.031444,1174180,Red Dead Redemption 2,33,35,43561
2025-09-11T08:13:22.031444,438100,VRChat,34,36,45240
2025-09-11T08:13:22.031444,1091500,Cyberpunk 2077,35,32,38618
2025-09-11T08:13:22.031444,550,Left 4 Dead 2,36,37,23802
2025-09-11T08:13:22.031444,3419430,Bongo Cat,37,39,120787
2025-09-11T08:13:22.031444,1517290,Battlefield™ 2042,38,23,29234
2025-09-11T08:13:22.031444,250900,The Binding of Isaac: Rebirth,39,44,23039
2025-09-11T08:13:22.031444,394360,Hearts of Iron IV,40,40,46660
2025-09-11T08:13:22.031444,3241660,R.E.P.O.,41,34,27587
2025-09-11T08:13:22.031444,322330,饥荒联机版,42,41,43360
2025-09-11T08:13:22.031444,1449850,Yu-Gi-Oh! Master Duel,43,50,25634
2025-09-11T08:13:22.031444,284160,BeamNG.drive,44,45,24155
2025-09-11T08:13:22.031444,1085660,Destiny 2,45,61,42421
2025-09-11T08:13:22.031444,2584990,Shadowverse: Worlds Beyond,46,38,30853
2025-09-11T08:13:22.031444,2622380,ELDEN RING NIGHTREIGN,47,42,43994
2025-09-11T08:13:22.031444,252950,Rocket League®,48,47,24253
2025-09-11T08:13:22.031444,3224770,Umamusume: Pretty Derby,49,43,25435
2025-09-11T08:13:22.031444,1222670,The Sims™ 4,50,49,27013
2025-09-11T08:13:22.031444,2073850,THE FINALS,51,66,32753
2025-09-11T08:13:22.031444,1245620,ELDEN RING,52,46,31615
2025-09-11T08:13:22.031444,1366800,Crosshair X,53,52,46567
2025-09-11T08:13:22.031444,3164500,Schedule I,54,58,28419
2025-09-11T08:13:22.031444,1364780,Street Fighter™ 6,55,48,35143
2025-09-11T08:13:22.031444,2183900,"Warhammer 40,000: Space Marine 2",56,120,24849
2025-09-11T08:13:22.031444,2252570,Football Manager 2024,57,53,63217
2025-09-11T08:13:22.031444,289070,Sid Meier’s Civilization® VI,58,54,39044
2025-09-11T08:13:22.031444,1281930,tModLoader,59,51,28369
2025-09-11T08:13:22.031444,251570,7 Days to Die,60,60,35171
2025-09-11T08:13:22.031444,1665460,eFootball™,61,55,16129
2025-09-11T08:13:22.031444,4000,Garry's Mod,62,57,24179
2025-09-11T08:13:22.031444,221100,DayZ,63,65,50135
2025-09-11T08:13:22.031444,892970,Valheim,64,83,31143
2025-09-11T08:13:22.031444,291550,Brawlhalla,65,62,11691
2025-09-11T08:13:22.031444,1142710,Total War: WARHAMMER III,66,56,27828
2025-09-11T08:13:22.031444,244210,Assetto Corsa,67,69,14374
2025-09-11T08:13:22.031444,646570,Slay the Spire,68,67,18259
2025-09-11T08:13:22.031444,739630,Phasmophobia,69,68,16121
2025-09-11T08:13:22.031444,2358720,Black Myth: Wukong,70,59,30907
2025-09-11T08:13:22.031444,294100,RimWorld,71,63,34056
2025-09-11T08:13:22.031444,714010,Aimlabs,72,73,6807
2025-09-11T08:13:22.031444,3513350,Wuthering Waves,73,64,11966
2025-09-11T08:13:22.031444,2379780,Balatro,74,71,11238
2025-09-11T08:13:22.031444,108600,Project Zomboid,75,74,22789
2025-09-11T08:13:22.031444,1771300,Kingdom Come: Deliverance II,76,126,32175
2025-09-11T08:13:22.031444,489830,The Elder Scrolls V: Skyrim Special Edition,77,77,20602
2025-09-11T08:13:22.031444,1905180,OBS Studio,78,78,23731
2025-09-11T08:13:22.031444,2300320,Farming Simulator 25,79,79,36598
2025-09-11T08:13:22.031444,1551360,Forza Horizon 5,80,75,13764
2025-09-11T08:13:22.031444,1623730,Palworld,81,81,30791
2025-09-11T08:13:22.031444,1158310,Crusader Kings III,82,94,22212
2025-09-11T08:13:22.031444,2878980,NBA 2K25,83,76,21116
2025-09-11T08:13:22.031444,1329410,1329410,84,70,14203
2025-09-11T08:13:22.031444,960090,Bloons TD 6,85,80,8463
2025-09-11T08:13:22.031444,945360,Among Us,86,117,9394
2025-09-11T08:13:22.031444,2139460,Once Human,87,86,25166
2025-09-11T08:13:22.031444,629520,Soundpad,88,87,18771
2025-09-11T08:13:22.031444,261550,Mount & Blade II: Bannerlord,89,84,26141
2025-09-11T08:13:22.031444,2642680,Half Sword Tech Demo,90,89,5628
2025-09-11T08:13:22.031444,2246340,Monster Hunter Wilds,91,72,22042
2025-09-11T08:13:22.031444,813780,Age of Empires II: Definitive Edition,92,88,17681
2025-09-11T08:13:22.031444,1407200,World of Tanks,93,90,19806
2025-09-11T08:13:22.031444,3472040,NBA 2K26,94,158,27187
2025-09-11T08:13:22.031444,1144200,Ready or Not,95,82,9321
2025-09-11T08:13:22.031444,1172710,Dune: Awakening,96,100,23350
2025-09-11T08:13:22.031444,526870,Satisfactory,97,91,24048
2025-09-11T08:13:22.031444,552990,World of Warships,98,103,25573
2025-09-11T08:13:22.031444,594650,Hunt: Showdown 1896,99,97,17937
2025-09-11T08:13:22.031444,2072560,DRAGON BALL GEKISHIN SQUADRA,100,-1,13130
2025-09-12T08:12:41.029372,730,Counter-Strike 2,1,1,1465377
2025-09-12T08:12:41.029372,570,Dota 2,2,2,779412
2025-09-12T08:12:41.029372,578080,PUBG: BATTLEGROUNDS,3,3,692311
2025-09-12T08:12:41.029372,431960,Wallpaper Engine,4,4,118178
2025-09-12T08:12:41.029372,1030300,Hollow Knight: Silksong,5,5,375295
2025-09-12T08:12:41.029372,1172470,Apex Legends™,6,8,182485
2025-09-12T08:12:41.029372,553850,HELLDIVERS™ 2,7,6,109553
2025-09-12T08:12:41.029372,2694490,Path of Exile 2,8,7,175851
2025-09-12T08:12:41.029372,2507950,Delta Force,9,10,205210
2025-09-12T08:12:41.029372,2767030,Marvel Rivals,10,9,88097
2025-09-12T08:12:41.029372,367520,Hollow Knight,11,11,80295
2025-09-12T08:12:41.029372,1203220,NARAKA: BLADEPOINT,12,14,138861
2025-09-12T08:12:41.029372,236390,War Thunder,13,15,66997
2025-09-12T08:12:41.029372,359550,Tom Clancy's Rainbow Six® Siege X,14,12,67264
2025-09-12T08:12:41.029372,413150,Stardew Valley,15,16,95674
2025-09-12T08:12:41.029372,381210,Dead by Daylight,16,13,55230
2025-09-12T08:12:41.029372,1285190,Borderlands 4,17,-1,201273
2025-09-12T08:12:41.029372,275850,No Man's Sky,18,17,63516
2025-09-12T08:12:41.029372,252490,Rust,19,20,122120
2025-09-12T08:12:41.029372,2622380,ELDEN RING NIGHTREIGN,20,43,105089
2025-09-12T08:12:41.029372,271590,Grand Theft Auto V Legacy,21,19,82287
2025-09-12T08:12:41.029372,3527290,PEAK,22,18,35461
2025-09-12T08:12:41.029372,1938090,Call of Duty®,23,22,45640
2025-09-12T08:12:41.029372,3240220,Grand Theft Auto V Enhanced,24,23,63854
2025-09-12T08:12:41.029372,1973530,Limbus Company,25,24,57719
2025-09-12T08:12:41.029372,440,Team Fortress 2,26,26,60398
2025-09-12T08:12:41.029372,230410,Warframe,27,28,58516
2025-09-12T08:12:41.029372,1086940,Baldur's Gate 3,28,25,60002
2025-09-12T08:12:41.029372,2669320,EA SPORTS FC™ 25,29,21,42010
2025-09-12T08:12:41.029372,2357570,Overwatch® 2,30,27,34514
2025-09-12T08:12:41.029372,105600,Terraria,31,30,26870
2025-09-12T08:12:41.029372,227300,Euro Truck Simulator 2,32,31,39672
2025-09-12T08:12:41.029372,322170,Geometry Dash,33,33,27916
2025-09-12T08:12:41.029372,1422450,Deadlock,34,32,42480
2025-09-12T08:12:41.029372,438100,VRChat,35,37,45313
2025-09-12T08:12:41.029372,3419430,Bongo Cat,36,41,118254
2025-09-12T08:12:41.029372,550,Left 4 Dead 2,37,38,23940
2025-09-12T08:12:41.029372,1174180,Red Dead Redemption 2,38,35,42393
2025-09-12T08:12:41.029372,250900,The Binding of Isaac: Rebirth,39,45,24017
2025-09-12T08:12:41.029372,394360,Hearts of Iron IV,40,40,47499
2025-09-12T08:12:41.029372,1091500,Cyberpunk 2077,41,34,31500
2025-09-12T08:12:41.029372,3241660,R.E.P.O.,42,36,27639
2025-09-12T08:12:41.029372,322330,饥荒联机版,43,42,42920
2025-09-12T08:12:41.029372,1517290,Battlefield™ 2042,44,29,27343
2025-09-12T08:12:41.029372,2073850,THE FINALS,45,66,28388
2025-09-12T08:12:41.029372,1449850,Yu-Gi-Oh! Master Duel,46,52,19823
2025-09-12T08:12:41.029372,284160,BeamNG.drive,47,44,24501
2025-09-12T08:12:41.029372,252950,Rocket League®,48,47,25998
2025-09-12T08:12:41.029372,2584990,Shadowverse: Worlds Beyond,49,39,25016
2025-09-12T08:12:41.029372,1222670,The Sims™ 4,50,50,26930
2025-09-12T08:12:41.029372,1366800,Crosshair X,51,51,49446
2025-09-12T08:12:41.029372,3224770,Umamusume: Pretty Derby,52,46,20336
2025-09-12T08:12:41.029372,1245620,ELDEN RING,53,48,30048
2025-09-12T08:12:41.029372,1364780,Street Fighter™ 6,54,49,34303
2025-09-12T08:12:41.029372,3164500,Schedule I,55,60,26955
2025-09-12T08:12:41.029372,1085660,Destiny 2,56,70,30669
2025-09-12T08:12:41.029372,2183900,"Warhammer 40,000: Space Marine 2",57,80,24287
2025-09-12T08:12:41.029372,289070,Sid Meier’s Civilization® VI,58,56,38794
2025-09-12T08:12:41.029372,1665460,eFootball™,59,55,20081
2025-09-12T08:12:41.029372,2252570,Football Manager 2024,60,53,62946
2025-09-12T08:12:41.029372,1281930,tModLoader,61,54,28036
2025-09-12T08:12:41.029372,4000,Garry's Mod,62,57,24326
2025-09-12T08:12:41.029372,251570,7 Days to Die,63,61,34716
2025-09-12T08:12:41.029372,291550,Brawlhalla,64,59,12152
2025-09-12T08:12:41.029372,221100,DayZ,65,63,49333
2025-09-12T08:12:41.029372,892970,Valheim,66,86,31688
2025-09-12T08:12:41.029372,244210,Assetto Corsa,67,67,14651
2025-09-12T08:12:41.029372,646570,Slay the Spire,68,68,18172
2025-09-12T08:12:41.029372,1142710,Total War: WARHAMMER III,69,58,26941
2025-09-12T08:12:41.029372,739630,Phasmophobia,70,69,16100
2025-09-12T08:12:41.029372,2358720,Black Myth: Wukong,71,62,30110
2025-09-12T08:12:41.029372,3513350,Wuthering Waves,72,65,11684
2025-09-12T08:12:41.029372,294100,RimWorld,73,64,33225
2025-09-12T08:12:41.029372,714010,Aimlabs,74,74,6780
2025-09-12T08:12:41.029372,2379780,Balatro,75,71,11243
2025-09-12T08:12:41.029372,108600,Project Zomboid,76,75,22552
2025-09-12T08:12:41.029372,1771300,Kingdom Come: Deliverance II,77,124,32701
2025-09-12T08:12:41.029372,1551360,Forza Horizon 5,78,72,16482
2025-09-12T08:12:41.029372,1905180,OBS Studio,79,79,23529
2025-09-12T08:12:41.029372,489830,The Elder Scrolls V: Skyrim Special Edition,80,76,20041
2025-09-12T08:12:41.029372,2300320,Farming Simulator 25,81,81,36161
2025-09-12T08:12:41.029372,1623730,Palworld,82,85,31037
2025-09-12T08:12:41.029372,2878980,NBA 2K25,83,78,20612
2025-09-12T08:12:41.029372,945360,Among Us,84,119,9250
2025-09-12T08:12:41.029372,629520,Soundpad,85,90,19612
2025-09-12T08:12:41.029372,960090,Bloons TD 6,86,82,9130
2025-09-12T08:12:41.029372,1158310,Crusader Kings III,87,95,21857
2025-09-12T08:12:41.029372,2139460,Once Human,88,88,26554
2025-09-12T08:12:41.029372,2072560,DRAGON BALL GEKISHIN SQUADRA,89,-1,13117
2025-09-12T08:12:41.029372,1172710,Dune: Awakening,90,102,26605
2025-09-12T08:12:41.029372,2642680,Half Sword Tech Demo,91,91,5719
2025-09-12T08:12:41.029372,1329410,1329410,92,73,13339
2025-09-12T08:12:41.029372,261550,Mount & Blade II: Bannerlord,93,87,26091
2025-09-12T08:12:41.029372,813780,Age of Empires II: Definitive Edition,94,89,18031
2025-09-12T08:12:41.029372,3472040,NBA 2K26,95,145,25790
2025-09-12T08:12:41.029372,1144200,Ready or Not,96,83,9162
2025-09-12T08:12:41.029372,2246340,Monster Hunter Wilds,97,77,20334
2025-09-12T08:12:41.029372,526870,Satisfactory,98,94,23177
2025-09-12T08:12:41.029372,1407200,World of Tanks,99,93,20020
2025-09-12T08:12:41.029372,552990,World of Warships,100,99,26562
2025-09-13T08:10:51.285581,730,Counter-Strike 2,1,1,1479362
2025-09-13T08:10:51.285581,570,Dota 2,2,2,836831
2025-09-13T08:10:51.285581,578080,PUBG: BATTLEGROUNDS,3,3,697520
2025-09-13T08:10:51.285581,431960,Wallpaper Engine,4,4,125449
2025-09-13T08:10:51.285581,1030300,Hollow Knight: Silksong,5,5,361818
2025-09-13T08:10:51.285581,1285190,Borderlands 4,6,-1,238365
2025-09-13T08:10:51.285581,1172470,Apex Legends™,7,7,186712
2025-09-13T08:10:51.285581,553850,HELLDIVERS™ 2,8,6,91901
2025-09-13T08:10:51.285581,2767030,Marvel Rivals,9,9,108165
2025-09-13T08:10:51.285581,2507950,Delta Force,10,10,215280
2025-09-13T08:10:51.285581,2694490,Path of Exile 2,11,8,174891
2025-09-13T08:10:51.285581,367520,Hollow Knight,12,13,80337
2025-09-13T08:10:51.285581,236390,War Thunder,13,12,73064
2025-09-13T08:10:51.285581,1203220,NARAKA: BLADEPOINT,14,14,134123
2025-09-13T08:10:51.285581,359550,Tom Clancy's Rainbow Six® Siege X,15,11,68977
2025-09-13T08:10:51.285581,413150,Stardew Valley,16,16,99134
2025-09-13T08:10:51.285581,381210,Dead by Daylight,17,15,58067
2025-09-13T08:10:51.285581,252490,Rust,18,19,133965
2025-09-13T08:10:51.285581,3527290,PEAK,19,18,40847
2025-09-13T08:10:51.285581,271590,Grand Theft Auto V Legacy,20,20,85738
2025-09-13T08:10:51.285581,3240220,Grand Theft Auto V Enhanced,21,22,66682
2025-09-13T08:10:51.285581,275850,No Man's Sky,22,17,62313
2025-09-13T08:10:51.285581,1938090,Call of Duty®,23,23,48525
2025-09-13T08:10:51.285581,2622380,ELDEN RING NIGHTREIGN,24,44,91916
2025-09-13T08:10:51.285581,440,Team Fortress 2,25,24,65255
2025-09-13T08:10:51.285581,2669320,EA SPORTS FC™ 25,26,21,44111
2025-09-13T08:10:51.285581,1973530,Limbus Company,27,28,50355
2025-09-13T08:10:51.285581,1086940,Baldur's Gate 3,28,25,61110
2025-09-13T08:10:51.285581,230410,Warframe,29,27,55858
2025-09-13T08:10:51.285581,2357570,Overwatch® 2,30,26,37431
2025-09-13T08:10:51.285581,105600,Terraria,31,30,28101
2025-09-13T08:10:51.285581,322170,Geometry Dash,32,32,29793
2025-09-13T08:10:51.285581,227300,Euro Truck Simulator 2,33,29,41635
2025-09-13T08:10:51.285581,550,Left 4 Dead 2,34,37,25671
2025-09-13T08:10:51.285581,394360,Hearts of Iron IV,35,39,54418
2025-09-13T08:10:51.285581,438100,VRChat,36,38,49472
2025-09-13T08:10:51.285581,3241660,R.E.P.O.,37,33,31812
2025-09-13T08:10:51.285581,1174180,Red Dead Redemption 2,38,35,43434
2025-09-13T08:10:51.285581,3419430,Bongo Cat,39,40,127508
2025-09-13T08:10:51.285581,1422450,Deadlock,40,34,42868
2025-09-13T08:10:51.285581,250900,The Binding of Isaac: Rebirth,41,50,24324
2025-09-13T08:10:51.285581,1091500,Cyberpunk 2077,42,36,36441
2025-09-13T08:10:51.285581,322330,饥荒联机版,43,41,47527
2025-09-13T08:10:51.285581,284160,BeamNG.drive,44,43,25545
2025-09-13T08:10:51.285581,1517290,Battlefield™ 2042,45,31,29525
2025-09-13T08:10:51.285581,1449850,Yu-Gi-Oh! Master Duel,46,52,18601
2025-09-13T08:10:51.285581,2073850,THE FINALS,47,69,26469
2025-09-13T08:10:51.285581,252950,Rocket League®,48,45,24203
2025-09-13T08:10:51.285581,1222670,The Sims™ 4,49,46,28629
2025-09-13T08:10:51.285581,2584990,Shadowverse: Worlds Beyond,50,42,23589
2025-09-13T08:10:51.285581,1366800,Crosshair X,51,49,50269
2025-09-13T08:10:51.285581,3224770,Umamusume: Pretty Derby,52,47,21947
2025-09-13T08:10:51.285581,1245620,ELDEN RING,53,48,31689
2025-09-13T08:10:51.285581,1364780,Street Fighter™ 6,54,51,34129
2025-09-13T08:10:51.285581,289070,Sid Meier’s Civilization® VI,55,54,42673
2025-09-13T08:10:51.285581,4000,Garry's Mod,56,53,26056
2025-09-13T08:10:51.285581,1281930,tModLoader,57,56,29776
2025-09-13T08:10:51.285581,1172710,Dune: Awakening,58,104,36021
2025-09-13T08:10:51.285581,2183900,"Warhammer 40,000: Space Marine 2",59,58,24910
2025-09-13T08:10:51.285581,1665460,eFootball™,60,59,17938
2025-09-13T08:10:51.285581,2252570,Football Manager 2024,61,57,59480
2025-09-13T08:10:51.285581,3164500,Schedule I,62,55,26025
2025-09-13T08:10:51.285581,221100,DayZ,63,65,53518
2025-09-13T08:10:51.285581,291550,Brawlhalla,64,62,12773
2025-09-13T08:10:51.285581,244210,Assetto Corsa,65,64,15307
2025-09-13T08:10:51.285581,251570,7 Days to Die,66,61,36376
2025-09-13T08:10:51.285581,892970,Valheim,67,89,34073
2025-09-13T08:10:51.285581,1085660,Destiny 2,68,71,28151
2025-09-13T08:10:51.285581,646570,Slay the Spire,69,73,19119
2025-09-13T08:10:51.285581,1551360,Forza Horizon 5,70,67,17387
2025-09-13T08:10:51.285581,739630,Phasmophobia,71,70,17546
2025-09-13T08:10:51.285581,2358720,Black Myth: Wukong,72,60,31208
2025-09-13T08:10:51.285581,1142710,Total War: WARHAMMER III,73,63,28551
2025-09-13T08:10:51.285581,714010,Aimlabs,74,72,6828
2025-09-13T08:10:51.285581,108600,Project Zomboid,75,75,23936
2025-09-13T08:10:51.285581,1905180,OBS Studio,76,74,26238
2025-09-13T08:10:51.285581,2379780,Balatro,77,77,11098
2025-09-13T08:10:51.285581,294100,RimWorld,78,68,34787
2025-09-13T08:10:51.285581,3513350,Wuthering Waves,79,66,11901
2025-09-13T08:10:51.285581,393380,Squad,80,88,19016
2025-09-13T08:10:51.285581,1771300,Kingdom Come: Deliverance II,81,127,32385
2025-09-13T08:10:51.285581,489830,The Elder Scrolls V: Skyrim Special Edition,82,78,20389
2025-09-13T08:10:51.285581,629520,Soundpad,83,83,21432
2025-09-13T08:10:51.285581,2300320,Farming Simulator 25,84,82,35166
2025-09-13T08:10:51.285581,1623730,Palworld,85,85,32398
2025-09-13T08:10:51.285581,2878980,NBA 2K25,86,79,20463
2025-09-13T08:10:51.285581,2642680,Half Sword Tech Demo,87,91,6152
2025-09-13T08:10:51.285581,1158310,Crusader Kings III,88,93,23374
2025-09-13T08:10:51.285581,960090,Bloons TD 6,89,84,9327
2025-09-13T08:10:51.285581,813780,Age of Empires II: Definitive Edition,90,87,19795
2025-09-13T08:10:51.285581,261550,Mount & Blade II: Bannerlord,91,86,27073
2025-09-13T08:10:51.285581,945360,Among Us,92,110,10902
2025-09-13T08:10:51.285581,2139460,Once Human,93,90,26403
2025-09-13T08:10:51.285581,1329410,1329410,94,76,13216
2025-09-13T08:10:51.285581,1144200,Ready or Not,95,81,9372
2025-09-13T08:10:51.285581,3472040,NBA 2K26,96,102,25560
2025-09-13T08:10:51.285581,2246340,Monster Hunter Wilds,97,80,20245
2025-09-13T08:10:51.285581,2072560,DRAGON BALL GEKISHIN SQUADRA,98,-1,11143
2025-09-13T08:10:51.285581,526870,Satisfactory,99,95,24104
2025-09-13T08:10:51.285581,1407200,World of Tanks,100,92,18583
2025-09-14T08:10:44.937431,730,Counter-Strike 2,1,1,1522919
2025-09-14T08:10:44.937431,570,Dota 2,2,2,874867
2025-09-14T08:10:44.937431,578080,PUBG: BATTLEGROUNDS,3,3,710245
2025-09-14T08:10:44.937431,431960,Wallpaper Engine,4,4,133914
2025-09-14T08:10:44.937431,1030300,Hollow Knight: Silksong,5,5,402612
2025-09-14T08:10:44.937431,1285190,Borderlands 4,6,-1,284298
2025-09-14T08:10:44.937431,1172470,Apex Legends™,7,7,197653
2025-09-14T08:10:44.937431,2767030,Marvel Rivals,8,9,132100
2025-09-14T08:10:44.937431,553850,HELLDIVERS™ 2,9,6,111827
2025-09-14T08:10:44.937431,2507950,Delta Force,10,10,218360
2025-09-14T08:10:44.937431,367520,Hollow Knight,11,11,95317
2025-09-14T08:10:44.937431,2694490,Path of Exile 2,12,8,186312
2025-09-14T08:10:44.937431,236390,War Thunder,13,13,82933
2025-09-14T08:10:44.937431,359550,Tom Clancy's Rainbow Six® Siege X,14,12,80621
2025-09-14T08:10:44.937431,1203220,NARAKA: BLADEPOINT,15,17,131141
2025-09-14T08:10:44.937431,413150,Stardew Valley,16,15,114200
2025-09-14T08:10:44.937431,381210,Dead by Daylight,17,16,65611
2025-09-14T08:10:44.937431,3527290,PEAK,18,14,46862
2025-09-14T08:10:44.937431,271590,Grand Theft Auto V Legacy,19,20,94848
2025-09-14T08:10:44.937431,252490,Rust,20,19,139267
2025-09-14T08:10:44.937431,3240220,Grand Theft Auto V Enhanced,21,21,73582
2025-09-14T08:10:44.937431,1938090,Call of Duty®,22,22,56828
2025-09-14T08:10:44.937431,275850,No Man's Sky,23,18,73516
2025-09-14T08:10:44.937431,440,Team Fortress 2,24,25,68281
2025-09-14T08:10:44.937431,2622380,ELDEN RING NIGHTREIGN,25,47,93736
2025-09-14T08:10:44.937431,1086940,Baldur's Gate 3,26,24,75611
2025-09-14T08:10:44.937431,105600,Terraria,27,26,32740
2025-09-14T08:10:44.937431,2669320,EA SPORTS FC™ 25,28,23,45210
2025-09-14T08:10:44.937431,227300,Euro Truck Simulator 2,29,27,44705
2025-09-14T08:10:44.937431,2357570,Overwatch® 2,30,28,42471
2025-09-14T08:10:44.937431,1973530,Limbus Company,31,33,47144
2025-09-14T08:10:44.937431,322170,Geometry Dash,32,31,35913
2025-09-14T08:10:44.937431,550,Left 4 Dead 2,33,35,31191
2025-09-14T08:10:44.937431,230410,Warframe,34,30,60924
2025-09-14T08:10:44.937431,3241660,R.E.P.O.,35,29,38256
2025-09-14T08:10:44.937431,394360,Hearts of Iron IV,36,38,64168
2025-09-14T08:10:44.937431,438100,VRChat,37,37,54455
2025-09-14T08:10:44.937431,1174180,Red Dead Redemption 2,38,34,50174
2025-09-14T08:10:44.937431,1091500,Cyberpunk 2077,39,36,46074
2025-09-14T08:10:44.937431,284160,BeamNG.drive,40,41,30004
2025-09-14T08:10:44.937431,322330,饥荒联机版,41,40,51523
2025-09-14T08:10:44.937431,250900,The Binding of Isaac: Rebirth,42,51,26783
2025-09-14T08:10:44.937431,1422450,Deadlock,43,39,47638
2025-09-14T08:10:44.937431,1517290,Battlefield™ 2042,44,32,34284
2025-09-14T08:10:44.937431,3419430,Bongo Cat,45,43,125062
2025-09-14T08:10:44.937431,1222670,The Sims™ 4,46,44,35851
2025-09-14T08:10:44.937431,1449850,Yu-Gi-Oh! Master Duel,47,58,18438
2025-09-14T08:10:44.937431,2073850,THE FINALS,48,68,29422
2025-09-14T08:10:44.937431,252950,Rocket League®,49,49,25678
2025-09-14T08:10:44.937431,1245620,ELDEN RING,50,45,37283
2025-09-14T08:10:44.937431,4000,Garry's Mod,51,46,31130
2025-09-14T08:10:44.937431,289070,Sid Meier’s Civilization® VI,52,52,50746
2025-09-14T08:10:44.937431,1281930,tModLoader,53,50,35836
2025-09-14T08:10:44.937431,2584990,Shadowverse: Worlds Beyond,54,42,27877
2025-09-14T08:10:44.937431,1172710,Dune: Awakening,55,107,44112
2025-09-14T08:10:44.937431,1366800,Crosshair X,56,55,55940
2025-09-14T08:10:44.937431,1364780,Street Fighter™ 6,57,53,33200
2025-09-14T08:10:44.937431,3224770,Umamusume: Pretty Derby,58,54,22339
2025-09-14T08:10:44.937431,221100,DayZ,59,66,61744
2025-09-14T08:10:44.937431,892970,Valheim,60,86,43515
2025-09-14T08:10:44.937431,2183900,"Warhammer 40,000: Space Marine 2",61,56,28316
2025-09-14T08:10:44.937431,244210,Assetto Corsa,62,65,16609
2025-09-14T08:10:44.937431,2358720,Black Myth: Wukong,63,57,33842
2025-09-14T08:10:44.937431,251570,7 Days to Die,64,59,44491
2025-09-14T08:10:44.937431,3164500,Schedule I,65,48,29763
2025-09-14T08:10:44.937431,739630,Phasmophobia,66,60,19669
2025-09-14T08:10:44.937431,291550,Brawlhalla,67,62,13718
2025-09-14T08:10:44.937431,1665460,eFootball™,68,64,18173
2025-09-14T08:10:44.937431,1551360,Forza Horizon 5,69,67,18267
2025-09-14T08:10:44.937431,2252570,Football Manager 2024,70,63,66440
2025-09-14T08:10:44.937431,393380,Squad,71,90,23544
2025-09-14T08:10:44.937431,108600,Project Zomboid,72,70,30054
2025-09-14T08:10:44.937431,1142710,Total War: WARHAMMER III,73,61,34704
2025-09-14T08:10:44.937431,646570,Slay the Spire,74,74,20263
2025-09-14T08:10:44.937431,1085660,Destiny 2,75,73,30953
2025-09-14T08:10:44.937431,714010,Aimlabs,76,71,6754
2025-09-14T08:10:44.937431,294100,RimWorld,77,69,41628
2025-09-14T08:10:44.937431,1905180,OBS Studio,78,75,26349
2025-09-14T08:10:44.937431,1771300,Kingdom Come: Deliverance II,79,122,38413
2025-09-14T08:10:44.937431,1623730,Palworld,80,81,38922
2025-09-14T08:10:44.937431,489830,The Elder Scrolls V: Skyrim Special Edition,81,77,24832
2025-09-14T08:10:44.937431,3513350,Wuthering Waves,82,72,13407
2025-09-14T08:10:44.937431,2379780,Balatro,83,82,11903
2025-09-14T08:10:44.937431,2300320,Farming Simulator 25,84,84,38124
2025-09-14T08:10:44.937431,629520,Soundpad,85,83,23729
2025-09-14T08:10:44.937431,2642680,Half Sword Tech Demo,86,89,7389
2025-09-14T08:10:44.937431,1158310,Crusader Kings III,87,92,28836
2025-09-14T08:10:44.937431,2878980,NBA 2K25,88,79,21297
2025-09-14T08:10:44.937431,945360,Among Us,89,104,11817
2025-09-14T08:10:44.937431,813780,Age of Empires II: Definitive Edition,90,87,23283
2025-09-14T08:10:44.937431,1144200,Ready or Not,91,78,11415
2025-09-14T08:10:44.937431,261550,Mount & Blade II: Bannerlord,92,88,31134
2025-09-14T08:10:44.937431,960090,Bloons TD 6,93,85,11310
2025-09-14T08:10:44.937431,2246340,Monster Hunter Wilds,94,76,24131
2025-09-14T08:10:44.937431,2444750,Shape of Dreams,95,-1,40768
2025-09-14T08:10:44.937431,2139460,Once Human,96,91,29761
2025-09-14T08:10:44.937431,1329410,1329410,97,80,13371
2025-09-14T08:10:44.937431,526870,Satisfactory,98,94,28635
2025-09-14T08:10:44.937431,3472040,NBA 2K26,99,98,27831
2025-09-14T08:10:44.937431,346110,ARK: Survival Evolved,100,95,28080
2025-09-15T08:13:19.347156,730,Counter-Strike 2,1,1,1510613
2025-09-15T08:13:19.347156,570,Dota 2,2,2,879031
2025-09-15T08:13:19.347156,578080,PUBG: BATTLEGROUNDS,3,3,709009
2025-09-15T08:13:19.347156,431960,Wallpaper Engine,4,4,126984
2025-09-15T08:13:19.347156,1030300,Hollow Knight: Silksong,5,5,376657
2025-09-15T08:13:19.347156,1285190,Borderlands 4,6,-1,304398
2025-09-15T08:13:19.347156,1172470,Apex Legends™,7,7,196579
2025-09-15T08:13:19.347156,553850,HELLDIVERS™ 2,8,6,108920
2025-09-15T08:13:19.347156,2767030,Marvel Rivals,9,9,110764
2025-09-15T08:13:19.347156,2507950,Delta Force,10,10,211318
2025-09-15T08:13:19.347156,367520,Hollow Knight,11,11,93343
2025-09-15T08:13:19.347156,2694490,Path of Exile 2,12,8,190270
2025-09-15T08:13:19.347156,236390,War Thunder,13,13,82749
2025-09-15T08:13:19.347156,359550,Tom Clancy's Rainbow Six® Siege X,14,12,86585
2025-09-15T08:13:19.347156,413150,Stardew Valley,15,14,114609
2025-09-15T08:13:19.347156,1203220,NARAKA: BLADEPOINT,16,18,125525
2025-09-15T08:13:19.347156,381210,Dead by Daylight,17,16,68524
2025-09-15T08:13:19.347156,3527290,PEAK,18,15,48560
2025-09-15T08:13:19.347156,271590,Grand Theft Auto V Legacy,19,19,98196
2025-09-15T08:13:19.347156,3240220,Grand Theft Auto V Enhanced,20,23,72984
2025-09-15T08:13:19.347156,252490,Rust,21,20,130580
2025-09-15T08:13:19.347156,1938090,Call of Duty®,22,22,63343
2025-09-15T08:13:19.347156,275850,No Man's Sky,23,17,76058
2025-09-15T08:13:19.347156,1086940,Baldur's Gate 3,24,21,84062
2025-09-15T08:13:19.347156,440,Team Fortress 2,25,25,65762
2025-09-15T08:13:19.347156,105600,Terraria,26,26,32944
2025-09-15T08:13:19.347156,227300,Euro Truck Simulator 2,27,27,49770
2025-09-15T08:13:19.347156,2622380,ELDEN RING NIGHTREIGN,28,48,90702
2025-09-15T08:13:19.347156,2669320,EA SPORTS FC™ 25,29,24,46038
2025-09-15T08:13:19.347156,2357570,Overwatch® 2,30,28,44558
2025-09-15T08:13:19.347156,550,Left 4 Dead 2,31,32,33190
2025-09-15T08:13:19.347156,230410,Warframe,32,30,60400
2025-09-15T08:13:19.347156,3241660,R.E.P.O.,33,29,38389
2025-09-15T08:13:19.347156,322170,Geometry Dash,34,35,34904
2025-09-15T08:13:19.347156,1973530,Limbus Company,35,36,40772
2025-09-15T08:13:19.347156,438100,VRChat,36,37,56995
2025-09-15T08:13:19.347156,394360,Hearts of Iron IV,37,39,60424
2025-09-15T08:13:19.347156,1174180,Red Dead Redemption 2,38,31,51065
2025-09-15T08:13:19.347156,1091500,Cyberpunk 2077,39,34,49483
2025-09-15T08:13:19.347156,284160,BeamNG.drive,40,41,30620
2025-09-15T08:13:19.347156,322330,饥荒联机版,41,40,49207
2025-09-15T08:13:19.347156,1422450,Deadlock,42,38,50368
2025-09-15T08:13:19.347156,250900,The Binding of Isaac: Rebirth,43,50,27171
2025-09-15T08:13:19.347156,3419430,Bongo Cat,44,43,128436
2025-09-15T08:13:19.347156,1222670,The Sims™ 4,45,42,39235
2025-09-15T08:13:19.347156,1517290,Battlefield™ 2042,46,33,33183
2025-09-15T08:13:19.347156,252950,Rocket League®,47,49,29020
2025-09-15T08:13:19.347156,1449850,Yu-Gi-Oh! Master Duel,48,58,17450
2025-09-15T08:13:19.347156,2073850,THE FINALS,49,67,29869
2025-09-15T08:13:19.347156,1245620,ELDEN RING,50,46,38088
2025-09-15T08:13:19.347156,289070,Sid Meier’s Civilization® VI,51,53,49179
2025-09-15T08:13:19.347156,4000,Garry's Mod,52,47,30766
2025-09-15T08:13:19.347156,892970,Valheim,53,83,49206
2025-09-15T08:13:19.347156,1366800,Crosshair X,54,54,58259
2025-09-15T08:13:19.347156,2584990,Shadowverse: Worlds Beyond,55,44,27915
2025-09-15T08:13:19.347156,1281930,tModLoader,56,52,34395
2025-09-15T08:13:19.347156,221100,DayZ,57,63,66809
2025-09-15T08:13:19.347156,1172710,Dune: Awakening,58,107,44646
2025-09-15T08:13:19.347156,251570,7 Days to Die,59,57,48318
2025-09-15T08:13:19.347156,2183900,"Warhammer 40,000: Space Marine 2",60,51,29171
2025-09-15T08:13:19.347156,1364780,Street Fighter™ 6,61,56,31413
2025-09-15T08:13:19.347156,3224770,Umamusume: Pretty Derby,62,55,22688
2025-09-15T08:13:19.347156,739630,Phasmophobia,63,61,21109
2025-09-15T08:13:19.347156,3164500,Schedule I,64,45,32256
2025-09-15T08:13:19.347156,244210,Assetto Corsa,65,65,16716
2025-09-15T08:13:19.347156,2252570,Football Manager 2024,66,60,71184
2025-09-15T08:13:19.347156,291550,Brawlhalla,67,64,14777
2025-09-15T08:13:19.347156,2358720,Black Myth: Wukong,68,59,31162
2025-09-15T08:13:19.347156,108600,Project Zomboid,69,69,31599
2025-09-15T08:13:19.347156,1665460,eFootball™,70,66,17708
2025-09-15T08:13:19.347156,1142710,Total War: WARHAMMER III,71,62,36080
2025-09-15T08:13:19.347156,1551360,Forza Horizon 5,72,70,18388
2025-09-15T08:13:19.347156,2300320,Farming Simulator 25,73,75,46815
2025-09-15T08:13:19.347156,1771300,Kingdom Come: Deliverance II,74,113,43430
2025-09-15T08:13:19.347156,646570,Slay the Spire,75,73,19435
2025-09-15T08:13:19.347156,393380,Squad,76,90,23871
2025-09-15T08:13:19.347156,294100,RimWorld,77,68,43306
2025-09-15T08:13:19.347156,1085660,Destiny 2,78,76,30639
2025-09-15T08:13:19.347156,1623730,Palworld,79,79,42034
2025-09-15T08:13:19.347156,489830,The Elder Scrolls V: Skyrim Special Edition,80,71,27434
2025-09-15T08:13:19.347156,714010,Aimlabs,81,74,6950
2025-09-15T08:13:19.347156,3513350,Wuthering Waves,82,72,14341
2025-09-15T08:13:19.347156,2379780,Balatro,83,81,12723
2025-09-15T08:13:19.347156,1905180,OBS Studio,84,80,25331
2025-09-15T08:13:19.347156,2444750,Shape of Dreams,85,-1,45773
2025-09-15T08:13:19.347156,2642680,Half Sword Tech Demo,86,89,7898
2025-09-15T08:13:19.347156,1158310,Crusader Kings III,87,92,30153
2025-09-15T08:13:19.347156,629520,Soundpad,88,85,22142
2025-09-15T08:13:19.347156,261550,Mount & Blade II: Bannerlord,89,88,32642
2025-09-15T08:13:19.347156,813780,Age of Empires II: Definitive Edition,90,87,24108
2025-09-15T08:13:19.347156,2878980,NBA 2K25,91,82,19974
2025-09-15T08:13:19.347156,1144200,Ready or Not,92,77,11939
2025-09-15T08:13:19.347156,960090,Bloons TD 6,93,86,11522
2025-09-15T08:13:19.347156,945360,Among Us,94,102,12600
2025-09-15T08:13:19.347156,2139460,Once Human,95,91,30325
2025-09-15T08:13:19.347156,526870,Satisfactory,96,93,31659
2025-09-15T08:13:19.347156,2246340,Monster Hunter Wilds,97,78,23295
2025-09-15T08:13:19.347156,1329410,1329410,98,84,13112
2025-09-15T08:13:19.347156,1426210,It Takes Two,99,123,21978
2025-09-15T08:13:19.347156,346110,ARK: Survival Evolved,100,95,29839
2025-09-16T08:13:20.384645,730,Counter-Strike 2,1,1,1394163
2025-09-16T08:13:20.384645,570,Dota 2,2,2,858497
2025-09-16T08:13:20.384645,578080,PUBG: BATTLEGROUNDS,3,3,678562
2025-09-16T08:13:20.384645,431960,Wallpaper Engine,4,4,119654
2025-09-16T08:13:20.384645,1030300,Hollow Knight: Silksong,5,5,288996
2025-09-16T08:13:20.384645,1285190,Borderlands 4,6,-1,256057
2025-09-16T08:13:20.384645,1172470,Apex Legends™,7,7,172682
2025-09-16T08:13:20.384645,553850,HELLDIVERS™ 2,8,6,96059
2025-09-16T08:13:20.384645,2767030,Marvel Rivals,9,9,106674
2025-09-16T08:13:20.384645,2507950,Delta Force,10,10,204281
2025-09-16T08:13:20.384645,2694490,Path of Exile 2,11,8,160916
2025-09-16T08:13:20.384645,367520,Hollow Knight,12,11,71446
2025-09-16T08:13:20.384645,236390,War Thunder,13,12,66637
2025-09-16T08:13:20.384645,359550,Tom Clancy's Rainbow Six® Siege X,14,13,68076
2025-09-16T08:13:20.384645,1203220,NARAKA: BLADEPOINT,15,14,121598
2025-09-16T08:13:20.384645,413150,Stardew Valley,16,16,96363
2025-09-16T08:13:20.384645,381210,Dead by Daylight,17,15,56608
2025-09-16T08:13:20.384645,252490,Rust,18,19,117508
2025-09-16T08:13:20.384645,271590,Grand Theft Auto V Legacy,19,20,85056
2025-09-16T08:13:20.384645,1938090,Call of Duty®,20,22,50966
2025-09-16T08:13:20.384645,3527290,PEAK,21,18,34550
2025-09-16T08:13:20.384645,440,Team Fortress 2,22,23,60436
2025-09-16T08:13:20.384645,3240220,Grand Theft Auto V Enhanced,23,24,60167
2025-09-16T08:13:20.384645,1086940,Baldur's Gate 3,24,21,64151
2025-09-16T08:13:20.384645,275850,No Man's Sky,25,17,55102
2025-09-16T08:13:20.384645,2357570,Overwatch® 2,26,27,35642
2025-09-16T08:13:20.384645,2622380,ELDEN RING NIGHTREIGN,27,54,77084
2025-09-16T08:13:20.384645,230410,Warframe,28,26,52476
2025-09-16T08:13:20.384645,2669320,EA SPORTS FC™ 25,29,25,38692
2025-09-16T08:13:20.384645,105600,Terraria,30,28,26672
2025-09-16T08:13:20.384645,1973530,Limbus Company,31,29,34605
2025-09-16T08:13:20.384645,227300,Euro Truck Simulator 2,32,30,40299
2025-09-16T08:13:20.384645,438100,VRChat,33,36,48042
2025-09-16T08:13:20.384645,322170,Geometry Dash,34,34,26967
2025-09-16T08:13:20.384645,550,Left 4 Dead 2,35,37,27861
2025-09-16T08:13:20.384645,3419430,Bongo Cat,36,39,127120
2025-09-16T08:13:20.384645,1422450,Deadlock,37,32,43367
2025-09-16T08:13:20.384645,3241660,R.E.P.O.,38,38,26513
2025-09-16T08:13:20.384645,1091500,Cyberpunk 2077,39,35,36174
2025-09-16T08:13:20.384645,394360,Hearts of Iron IV,40,40,45589
2025-09-16T08:13:20.384645,1174180,Red Dead Redemption 2,41,31,39218
2025-09-16T08:13:20.384645,250900,The Binding of Isaac: Rebirth,42,50,22943
2025-09-16T08:13:20.384645,322330,饥荒联机版,43,41,43647
2025-09-16T08:13:20.384645,1517290,Battlefield™ 2042,44,33,30964
2025-09-16T08:13:20.384645,1449850,Yu-Gi-Oh! Master Duel,45,53,16573
2025-09-16T08:13:20.384645,284160,BeamNG.drive,46,43,24645
2025-09-16T08:13:20.384645,252950,Rocket League®,47,46,28013
2025-09-16T08:13:20.384645,739630,Phasmophobia,48,62,27541
2025-09-16T08:13:20.384645,1222670,The Sims™ 4,49,45,29603
2025-09-16T08:13:20.384645,2073850,THE FINALS,50,64,24836
2025-09-16T08:13:20.384645,2584990,Shadowverse: Worlds Beyond,51,42,21759
2025-09-16T08:13:20.384645,1366800,Crosshair X,52,48,50137
2025-09-16T08:13:20.384645,892970,Valheim,53,82,38828
2025-09-16T08:13:20.384645,1245620,ELDEN RING,54,49,29450
2025-09-16T08:13:20.384645,1364780,Street Fighter™ 6,55,52,32040
2025-09-16T08:13:20.384645,221100,DayZ,56,61,57381
2025-09-16T08:13:20.384645,3224770,Umamusume: Pretty Derby,57,44,21146
2025-09-16T08:13:20.384645,289070,Sid Meier’s Civilization® VI,58,56,38311
2025-09-16T08:13:20.384645,2252570,Football Manager 2024,59,57,64608
2025-09-16T08:13:20.384645,1281930,tModLoader,60,55,27623
2025-09-16T08:13:20.384645,2183900,"Warhammer 40,000: Space Marine 2",61,51,25513
2025-09-16T08:13:20.384645,4000,Garry's Mod,62,58,24024
2025-09-16T08:13:20.384645,251570,7 Days to Die,63,59,35030
2025-09-16T08:13:20.384645,1665460,eFootball™,64,60,16019
2025-09-16T08:13:20.384645,291550,Brawlhalla,65,65,12400
2025-09-16T08:13:20.384645,3164500,Schedule I,66,47,24866
2025-09-16T08:13:20.384645,646570,Slay the Spire,67,70,17814
2025-09-16T08:13:20.384645,3513350,Wuthering Waves,68,68,14785
2025-09-16T08:13:20.384645,108600,Project Zomboid,69,71,24372
2025-09-16T08:13:20.384645,244210,Assetto Corsa,70,69,14198
2025-09-16T08:13:20.384645,1142710,Total War: WARHAMMER III,71,63,27416
2025-09-16T08:13:20.384645,2379780,Balatro,72,74,11733
2025-09-16T08:13:20.384645,294100,RimWorld,73,66,33437
2025-09-16T08:13:20.384645,1172710,Dune: Awakening,74,104,28567
2025-09-16T08:13:20.384645,2444750,Shape of Dreams,75,-1,45448
2025-09-16T08:13:20.384645,1085660,Destiny 2,76,75,24250
2025-09-16T08:13:20.384645,1771300,Kingdom Come: Deliverance II,77,109,31251
2025-09-16T08:13:20.384645,489830,The Elder Scrolls V: Skyrim Special Edition,78,72,21888
2025-09-16T08:13:20.384645,714010,Aimlabs,79,73,7005
2025-09-16T08:13:20.384645,1623730,Palworld,80,81,34549
2025-09-16T08:13:20.384645,2300320,Farming Simulator 25,81,79,38433
2025-09-16T08:13:20.384645,1905180,OBS Studio,82,78,24114
2025-09-16T08:13:20.384645,2358720,Black Myth: Wukong,83,67,28252
2025-09-16T08:13:20.384645,1551360,Forza Horizon 5,84,76,14274
2025-09-16T08:13:20.384645,2642680,Half Sword Tech Demo,85,91,6754
2025-09-16T08:13:20.384645,393380,Squad,86,94,17348
2025-09-16T08:13:20.384645,261550,Mount & Blade II: Bannerlord,87,86,26360
2025-09-16T08:13:20.384645,1158310,Crusader Kings III,88,93,23443
2025-09-16T08:13:20.384645,629520,Soundpad,89,88,19585
2025-09-16T08:13:20.384645,960090,Bloons TD 6,90,83,9206
2025-09-16T08:13:20.384645,813780,Age of Empires II: Definitive Edition,91,87,18445
2025-09-16T08:13:20.384645,2139460,Once Human,92,89,26980
2025-09-16T08:13:20.384645,2878980,NBA 2K25,93,80,18943
2025-09-16T08:13:20.384645,1329410,1329410,94,77,13702
2025-09-16T08:13:20.384645,3472040,NBA 2K26,95,92,24016
2025-09-16T08:13:20.384645,2246340,Monster Hunter Wilds,96,85,19137
2025-09-16T08:13:20.384645,526870,Satisfactory,97,95,24746
2025-09-16T08:13:20.384645,1144200,Ready or Not,98,84,9236
2025-09-16T08:13:20.384645,552990,World of Warships,99,100,25688
2025-09-16T08:13:20.384645,594650,Hunt: Showdown 1896,100,101,16766
2025-09-17T08:13:02.115844,730,Counter-Strike 2,1,1,1397366
2025-09-17T08:13:02.115844,570,Dota 2,2,2,829356
2025-09-17T08:13:02.115844,578080,PUBG: BATTLEGROUNDS,3,3,688645
2025-09-17T08:13:02.115844,431960,Wallpaper Engine,4,4,121811
2025-09-17T08:13:02.115844,1030300,Hollow Knight: Silksong,5,5,273784
2025-09-17T08:13:02.115844,1285190,Borderlands 4,6,-1,229324
2025-09-17T08:13:02.115844,1172470,Apex Legends™,7,7,176339
2025-09-17T08:13:02.115844,2767030,Marvel Rivals,8,10,102680
2025-09-17T08:13:02.115844,553850,HELLDIVERS™ 2,9,6,85296
2025-09-17T08:13:02.115844,2507950,Delta Force,10,9,200869
2025-09-17T08:13:02.115844,236390,War Thunder,11,12,67109
2025-09-17T08:13:02.115844,2694490,Path of Exile 2,12,8,150642
2025-09-17T08:13:02.115844,367520,Hollow Knight,13,11,69398
2025-09-17T08:13:02.115844,1203220,NARAKA: BLADEPOINT,14,13,120708
2025-09-17T08:13:02.115844,359550,Tom Clancy's Rainbow Six® Siege X,15,14,62841
2025-09-17T08:13:02.115844,413150,Stardew Valley,16,16,96524
2025-09-17T08:13:02.115844,381210,Dead by Daylight,17,15,56345
2025-09-17T08:13:02.115844,271590,Grand Theft Auto V Legacy,18,20,80273
2025-09-17T08:13:02.115844,252490,Rust,19,19,109280
2025-09-17T08:13:02.115844,1938090,Call of Duty®,20,21,46675
2025-09-17T08:13:02.115844,440,Team Fortress 2,21,23,55160
2025-09-17T08:13:02.115844,3240220,Grand Theft Auto V Enhanced,22,24,59778
2025-09-17T08:13:02.115844,2357570,Overwatch® 2,23,26,44954
2025-09-17T08:13:02.115844,3527290,PEAK,24,18,33900
2025-09-17T08:13:02.115844,1086940,Baldur's Gate 3,25,22,61404
2025-09-17T08:13:02.115844,275850,No Man's Sky,26,17,50453
2025-09-17T08:13:02.115844,3354750,skate.,27,-1,78759
2025-09-17T08:13:02.115844,230410,Warframe,28,27,49923
2025-09-17T08:13:02.115844,2669320,EA SPORTS FC™ 25,29,25,38359
2025-09-17T08:13:02.115844,2622380,ELDEN RING NIGHTREIGN,30,55,74834
2025-09-17T08:13:02.115844,1973530,Limbus Company,31,29,35515
2025-09-17T08:13:02.115844,105600,Terraria,32,28,26273
2025-09-17T08:13:02.115844,227300,Euro Truck Simulator 2,33,31,39395
2025-09-17T08:13:02.115844,322170,Geometry Dash,34,32,27286
2025-09-17T08:13:02.115844,438100,VRChat,35,36,47755
2025-09-17T08:13:02.115844,550,Left 4 Dead 2,36,38,24180
2025-09-17T08:13:02.115844,3419430,Bongo Cat,37,37,129976
2025-09-17T08:13:02.115844,1422450,Deadlock,38,30,41487
2025-09-17T08:13:02.115844,284160,BeamNG.drive,39,43,28126
2025-09-17T08:13:02.115844,1091500,Cyberpunk 2077,40,35,35908
2025-09-17T08:13:02.115844,394360,Hearts of Iron IV,41,40,45647
2025-09-17T08:13:02.115844,1174180,Red Dead Redemption 2,42,33,38232
2025-09-17T08:13:02.115844,3241660,R.E.P.O.,43,39,29220
2025-09-17T08:13:02.115844,250900,The Binding of Isaac: Rebirth,44,48,23183
2025-09-17T08:13:02.115844,322330,饥荒联机版,45,41,43296
2025-09-17T08:13:02.115844,739630,Phasmophobia,46,66,24919
2025-09-17T08:13:02.115844,1449850,Yu-Gi-Oh! Master Duel,47,52,17102
2025-09-17T08:13:02.115844,252950,Rocket League®,48,45,25633
2025-09-17T08:13:02.115844,1517290,Battlefield™ 2042,49,34,25524
2025-09-17T08:13:02.115844,1222670,The Sims™ 4,50,47,28819
2025-09-17T08:13:02.115844,2073850,THE FINALS,51,63,22934
2025-09-17T08:13:02.115844,1366800,Crosshair X,52,49,50385
2025-09-17T08:13:02.115844,2584990,Shadowverse: Worlds Beyond,53,42,22382
2025-09-17T08:13:02.115844,1245620,ELDEN RING,54,51,29419
2025-09-17T08:13:02.115844,3224770,Umamusume: Pretty Derby,55,44,18618
2025-09-17T08:13:02.115844,2073620,Arena Breakout: Infinite,56,-1,28635
2025-09-17T08:13:02.115844,221100,DayZ,57,62,55856
2025-09-17T08:13:02.115844,1364780,Street Fighter™ 6,58,53,34306
2025-09-17T08:13:02.115844,892970,Valheim,59,73,37067
2025-09-17T08:13:02.115844,289070,Sid Meier’s Civilization® VI,60,56,38318
2025-09-17T08:13:02.115844,2252570,Football Manager 2024,61,58,61265
2025-09-17T08:13:02.115844,1281930,tModLoader,62,57,27876
2025-09-17T08:13:02.115844,1085660,Destiny 2,63,46,31942
2025-09-17T08:13:02.115844,3513350,Wuthering Waves,64,67,14280
2025-09-17T08:13:02.115844,4000,Garry's Mod,65,60,23562
2025-09-17T08:13:02.115844,1665460,eFootball™,66,59,15264
2025-09-17T08:13:02.115844,2183900,"Warhammer 40,000: Space Marine 2",67,54,22320
2025-09-17T08:13:02.115844,291550,Brawlhalla,68,64,13056
2025-09-17T08:13:02.115844,251570,7 Days to Die,69,61,33742
2025-09-17T08:13:02.115844,646570,Slay the Spire,70,69,17952
2025-09-17T08:13:02.115844,2444750,Shape of Dreams,71,-1,45688
2025-09-17T08:13:02.115844,244210,Assetto Corsa,72,68,13973
2025-09-17T08:13:02.115844,108600,Project Zomboid,73,75,23501
2025-09-17T08:13:02.115844,2379780,Balatro,74,74,11675
2025-09-17T08:13:02.115844,714010,Aimlabs,75,72,7409
2025-09-17T08:13:02.115844,1142710,Total War: WARHAMMER III,76,65,26334
2025-09-17T08:13:02.115844,294100,RimWorld,77,70,32820
2025-09-17T08:13:02.115844,3164500,Schedule I,78,50,21271
2025-09-17T08:13:02.115844,1623730,Palworld,79,81,35726
2025-09-17T08:13:02.115844,489830,The Elder Scrolls V: Skyrim Special Edition,80,76,21098
2025-09-17T08:13:02.115844,1771300,Kingdom Come: Deliverance II,81,95,29569
2025-09-17T08:13:02.115844,261550,Mount & Blade II: Bannerlord,82,86,28769
2025-09-17T08:13:02.115844,2358720,Black Myth: Wukong,83,71,28068
2025-09-17T08:13:02.115844,1905180,OBS Studio,84,78,22181
2025-09-17T08:13:02.115844,1551360,Forza Horizon 5,85,79,13970
2025-09-17T08:13:02.115844,2300320,Farming Simulator 25,86,77,37524
2025-09-17T08:13:02.115844,2642680,Half Sword Tech Demo,87,90,6600
2025-09-17T08:13:02.115844,1329410,1329410,88,80,14199
2025-09-17T08:13:02.115844,629520,Soundpad,89,87,19523
2025-09-17T08:13:02.115844,960090,Bloons TD 6,90,84,8953
2025-09-17T08:13:02.115844,813780,Age of Empires II: Definitive Edition,91,91,18239
2025-09-17T08:13:02.115844,1158310,Crusader Kings III,92,85,22360
2025-09-17T08:13:02.115844,2139460,Once Human,93,89,26371
2025-09-17T08:13:02.115844,2878980,NBA 2K25,94,83,19345
2025-09-17T08:13:02.115844,3472040,NBA 2K26,95,93,23473
2025-09-17T08:13:02.115844,1172710,Dune: Awakening,96,94,25332
2025-09-17T08:13:02.115844,393380,Squad,97,101,15942
2025-09-17T08:13:02.115844,526870,Satisfactory,98,99,24029
2025-09-17T08:13:02.115844,552990,World of Warships,99,98,26232
2025-09-17T08:13:02.115844,594650,Hunt: Showdown 1896,100,100,16965
2025-09-18T08:12:43.779945,730,Counter-Strike 2,1,1,1574752
2025-09-18T08:12:43.779945,570,Dota 2,2,2,830302
2025-09-18T08:12:43.779945,578080,PUBG: BATTLEGROUNDS,3,3,667598
2025-09-18T08:12:43.779945,431960,Wallpaper Engine,4,4,116762
2025-09-18T08:12:43.779945,1030300,Hollow Knight: Silksong,5,5,250405
2025-09-18T08:12:43.779945,1285190,Borderlands 4,6,-1,211674
2025-09-18T08:12:43.779945,1172470,Apex Legends™,7,7,194211
2025-09-18T08:12:43.779945,3354750,skate.,8,-1,86745
2025-09-18T08:12:43.779945,2767030,Marvel Rivals,9,10,100834
2025-09-18T08:12:43.779945,553850,HELLDIVERS™ 2,10,6,88693
2025-09-18T08:12:43.779945,2507950,Delta Force,11,9,223338
2025-09-18T08:12:43.779945,236390,War Thunder,12,12,65589
2025-09-18T08:12:43.779945,2694490,Path of Exile 2,13,8,141269
2025-09-18T08:12:43.779945,367520,Hollow Knight,14,11,64394
2025-09-18T08:12:43.779945,1203220,NARAKA: BLADEPOINT,15,14,133146
2025-09-18T08:12:43.779945,359550,Tom Clancy's Rainbow Six® Siege X,16,13,62104
2025-09-18T08:12:43.779945,413150,Stardew Valley,17,15,92060
2025-09-18T08:12:43.779945,381210,Dead by Daylight,18,16,53655
2025-09-18T08:12:43.779945,271590,Grand Theft Auto V Legacy,19,19,78489
2025-09-18T08:12:43.779945,1938090,Call of Duty®,20,21,46691
2025-09-18T08:12:43.779945,252490,Rust,21,20,101489
2025-09-18T08:12:43.779945,2357570,Overwatch® 2,22,27,39439
2025-09-18T08:12:43.779945,440,Team Fortress 2,23,22,45296
2025-09-18T08:12:43.779945,3240220,Grand Theft Auto V Enhanced,24,25,56414
2025-09-18T08:12:43.779945,1086940,Baldur's Gate 3,25,23,58685
2025-09-18T08:12:43.779945,3527290,PEAK,26,18,29156
2025-09-18T08:12:43.779945,1973530,Limbus Company,27,28,35809
2025-09-18T08:12:43.779945,2669320,EA SPORTS FC™ 25,28,26,37336
2025-09-18T08:12:43.779945,230410,Warframe,29,24,47007
2025-09-18T08:12:43.779945,275850,No Man's Sky,30,17,45919
2025-09-18T08:12:43.779945,105600,Terraria,31,29,24475
2025-09-18T08:12:43.779945,2622380,ELDEN RING NIGHTREIGN,32,47,70057
2025-09-18T08:12:43.779945,322170,Geometry Dash,33,32,26707
2025-09-18T08:12:43.779945,227300,Euro Truck Simulator 2,34,30,37828
2025-09-18T08:12:43.779945,284160,BeamNG.drive,35,44,28182
2025-09-18T08:12:43.779945,438100,VRChat,36,34,46652
2025-09-18T08:12:43.779945,2073620,Arena Breakout: Infinite,37,-1,36394
2025-09-18T08:12:43.779945,550,Left 4 Dead 2,38,36,24542
2025-09-18T08:12:43.779945,3419430,Bongo Cat,39,37,130531
2025-09-18T08:12:43.779945,1422450,Deadlock,40,31,40279
2025-09-18T08:12:43.779945,394360,Hearts of Iron IV,41,40,45637
2025-09-18T08:12:43.779945,1091500,Cyberpunk 2077,42,35,34329
2025-09-18T08:12:43.779945,250900,The Binding of Isaac: Rebirth,43,39,22470
2025-09-18T08:12:43.779945,1174180,Red Dead Redemption 2,44,33,37008
2025-09-18T08:12:43.779945,252950,Rocket League®,45,48,28947
2025-09-18T08:12:43.779945,322330,饥荒联机版,46,42,40081
2025-09-18T08:12:43.779945,3241660,R.E.P.O.,47,41,25432
2025-09-18T08:12:43.779945,1449850,Yu-Gi-Oh! Master Duel,48,43,22398
2025-09-18T08:12:43.779945,739630,Phasmophobia,49,69,22787
2025-09-18T08:12:43.779945,1222670,The Sims™ 4,50,50,28128
2025-09-18T08:12:43.779945,1517290,Battlefield™ 2042,51,38,22120
2025-09-18T08:12:43.779945,1366800,Crosshair X,52,53,49791
2025-09-18T08:12:43.779945,3513350,Wuthering Waves,53,73,25828
2025-09-18T08:12:43.779945,2584990,Shadowverse: Worlds Beyond,54,46,20524
2025-09-18T08:12:43.779945,2073850,THE FINALS,55,51,21375
2025-09-18T08:12:43.779945,3224770,Umamusume: Pretty Derby,56,49,18484
2025-09-18T08:12:43.779945,1364780,Street Fighter™ 6,57,55,32974
2025-09-18T08:12:43.779945,1245620,ELDEN RING,58,52,28348
2025-09-18T08:12:43.779945,221100,DayZ,59,63,54045
2025-09-18T08:12:43.779945,892970,Valheim,60,64,35454
2025-09-18T08:12:43.779945,289070,Sid Meier’s Civilization® VI,61,58,37522
2025-09-18T08:12:43.779945,2252570,Football Manager 2024,62,57,59482
2025-09-18T08:12:43.779945,1085660,Destiny 2,63,45,29722
2025-09-18T08:12:43.779945,291550,Brawlhalla,64,65,13940
2025-09-18T08:12:43.779945,1665460,eFootball™,65,61,15027
2025-09-18T08:12:43.779945,1281930,tModLoader,66,59,25409
2025-09-18T08:12:43.779945,4000,Garry's Mod,67,62,22758
2025-09-18T08:12:43.779945,251570,7 Days to Die,68,60,31762
2025-09-18T08:12:43.779945,2444750,Shape of Dreams,69,-1,42178
2025-09-18T08:12:43.779945,2183900,"Warhammer 40,000: Space Marine 2",70,56,21177
2025-09-18T08:12:43.779945,244210,Assetto Corsa,71,67,13598
2025-09-18T08:12:43.779945,646570,Slay the Spire,72,68,16987
2025-09-18T08:12:43.779945,2379780,Balatro,73,74,11484
2025-09-18T08:12:43.779945,261550,Mount & Blade II: Bannerlord,74,89,30271
2025-09-18T08:12:43.779945,108600,Project Zomboid,75,75,22740
2025-09-18T08:12:43.779945,1142710,Total War: WARHAMMER III,76,66,25535
2025-09-18T08:12:43.779945,1623730,Palworld,77,81,33652
2025-09-18T08:12:43.779945,294100,RimWorld,78,71,31962
2025-09-18T08:12:43.779945,489830,The Elder Scrolls V: Skyrim Special Edition,79,77,20470
2025-09-18T08:12:43.779945,714010,Aimlabs,80,72,6702
2025-09-18T08:12:43.779945,3164500,Schedule I,81,54,19709
2025-09-18T08:12:43.779945,1905180,OBS Studio,82,78,22388
2025-09-18T08:12:43.779945,1771300,Kingdom Come: Deliverance II,83,76,27207
2025-09-18T08:12:43.779945,1551360,Forza Horizon 5,84,80,13617
2025-09-18T08:12:43.779945,2300320,Farming Simulator 25,85,79,35535
2025-09-18T08:12:43.779945,2358720,Black Myth: Wukong,86,70,26411
2025-09-18T08:12:43.779945,2642680,Half Sword Tech Demo,87,90,6383
2025-09-18T08:12:43.779945,629520,Soundpad,88,88,19075
2025-09-18T08:12:43.779945,813780,Age of Empires II: Definitive Edition,89,92,17698
2025-09-18T08:12:43.779945,1158310,Crusader Kings III,90,82,21609
2025-09-18T08:12:43.779945,960090,Bloons TD 6,91,85,8740
2025-09-18T08:12:43.779945,2139460,Once Human,92,87,25178
2025-09-18T08:12:43.779945,1329410,1329410,93,84,13236
2025-09-18T08:12:43.779945,2878980,NBA 2K25,94,83,18469
2025-09-18T08:12:43.779945,2246340,Monster Hunter Wilds,95,91,19711
2025-09-18T08:12:43.779945,3472040,NBA 2K26,96,94,22653
2025-09-18T08:12:43.779945,1172710,Dune: Awakening,97,96,24486
2025-09-18T08:12:43.779945,594650,Hunt: Showdown 1896,98,99,15250
2025-09-18T08:12:43.779945,552990,World of Warships,99,98,25106
2025-09-18T08:12:43.779945,526870,Satisfactory,100,97,23015
2025-09-19T08:12:49.574320,730,Counter-Strike 2,1,1,1456086
2025-09-19T08:12:49.574320,570,Dota 2,2,2,840999
2025-09-19T08:12:49.574320,578080,PUBG: BATTLEGROUNDS,3,3,658408
2025-09-19T08:12:49.574320,431960,Wallpaper Engine,4,4,118139
2025-09-19T08:12:49.574320,1030300,Hollow Knight: Silksong,5,5,239278
2025-09-19T08:12:49.574320,1285190,Borderlands 4,6,17,199140
2025-09-19T08:12:49.574320,1172470,Apex Legends™,7,6,190360
2025-09-19T08:12:49.574320,3354750,skate.,8,-1,92655
2025-09-19T08:12:49.574320,2767030,Marvel Rivals,9,10,96519
2025-09-19T08:12:49.574320,553850,HELLDIVERS™ 2,10,7,83558
2025-09-19T08:12:49.574320,2507950,Delta Force,11,9,226403
2025-09-19T08:12:49.574320,236390,War Thunder,12,13,66136
2025-09-19T08:12:49.574320,2694490,Path of Exile 2,13,8,133921
2025-09-19T08:12:49.574320,367520,Hollow Knight,14,11,63797
2025-09-19T08:12:49.574320,1203220,NARAKA: BLADEPOINT,15,12,132328
2025-09-19T08:12:49.574320,359550,Tom Clancy's Rainbow Six® Siege X,16,14,58977
2025-09-19T08:12:49.574320,413150,Stardew Valley,17,15,92650
2025-09-19T08:12:49.574320,381210,Dead by Daylight,18,16,53349
2025-09-19T08:12:49.574320,252490,Rust,19,19,116070
2025-09-19T08:12:49.574320,271590,Grand Theft Auto V Legacy,20,21,77582
2025-09-19T08:12:49.574320,1938090,Call of Duty®,21,23,43945
2025-09-19T08:12:49.574320,440,Team Fortress 2,22,26,55784
2025-09-19T08:12:49.574320,1973530,Limbus Company,23,25,54521
2025-09-19T08:12:49.574320,2357570,Overwatch® 2,24,30,36719
2025-09-19T08:12:49.574320,3240220,Grand Theft Auto V Enhanced,25,24,57993
2025-09-19T08:12:49.574320,1086940,Baldur's Gate 3,26,28,57389
2025-09-19T08:12:49.574320,3527290,PEAK,27,22,28014
2025-09-19T08:12:49.574320,2669320,EA SPORTS FC™ 25,28,29,35822
2025-09-19T08:12:49.574320,230410,Warframe,29,27,46061
2025-09-19T08:12:49.574320,105600,Terraria,30,31,24821
2025-09-19T08:12:49.574320,322170,Geometry Dash,31,33,27199
2025-09-19T08:12:49.574320,2622380,ELDEN RING NIGHTREIGN,32,20,69085
2025-09-19T08:12:49.574320,3419430,Bongo Cat,33,36,135079
2025-09-19T08:12:49.574320,227300,Euro Truck Simulator 2,34,32,36963
2025-09-19T08:12:49.574320,275850,No Man's Sky,35,18,43550
2025-09-19T08:12:49.574320,438100,VRChat,36,35,45916
2025-09-19T08:12:49.574320,284160,BeamNG.drive,37,47,28125
2025-09-19T08:12:49.574320,2073620,Arena Breakout: Infinite,38,-1,39565
2025-09-19T08:12:49.574320,550,Left 4 Dead 2,39,37,23530
2025-09-19T08:12:49.574320,1422450,Deadlock,40,34,39549
2025-09-19T08:12:49.574320,394360,Hearts of Iron IV,41,40,46472
2025-09-19T08:12:49.574320,322330,饥荒联机版,42,43,40398
2025-09-19T08:12:49.574320,1091500,Cyberpunk 2077,43,41,33971
2025-09-19T08:12:49.574320,252950,Rocket League®,44,48,26559
2025-09-19T08:12:49.574320,250900,The Binding of Isaac: Rebirth,45,39,22554
2025-09-19T08:12:49.574320,1174180,Red Dead Redemption 2,46,38,35833
2025-09-19T08:12:49.574320,1449850,Yu-Gi-Oh! Master Duel,47,46,21642
2025-09-19T08:12:49.574320,3241660,R.E.P.O.,48,42,23665
2025-09-19T08:12:49.574320,3008130,Dying Light: The Beast,49,-1,89927
2025-09-19T08:12:49.574320,1222670,The Sims™ 4,50,50,26587
2025-09-19T08:12:49.574320,739630,Phasmophobia,51,70,22082
2025-09-19T08:12:49.574320,1366800,Crosshair X,52,51,48516
2025-09-19T08:12:49.574320,1517290,Battlefield™ 2042,53,44,20689
2025-09-19T08:12:49.574320,2584990,Shadowverse: Worlds Beyond,54,49,20425
2025-09-19T08:12:49.574320,2073850,THE FINALS,55,45,21125
2025-09-19T08:12:49.574320,1364780,Street Fighter™ 6,56,54,33579
2025-09-19T08:12:49.574320,1245620,ELDEN RING,57,53,28672
2025-09-19T08:12:49.574320,3224770,Umamusume: Pretty Derby,58,52,18055
2025-09-19T08:12:49.574320,3513350,Wuthering Waves,59,72,18141
2025-09-19T08:12:49.574320,221100,DayZ,60,65,53263
2025-09-19T08:12:49.574320,289070,Sid Meier’s Civilization® VI,61,58,37825
2025-09-19T08:12:49.574320,892970,Valheim,62,66,34955
2025-09-19T08:12:49.574320,1665460,eFootball™,63,59,21832
2025-09-19T08:12:49.574320,291550,Brawlhalla,64,64,12966
2025-09-19T08:12:49.574320,2252570,Football Manager 2024,65,60,56009
2025-09-19T08:12:49.574320,1281930,tModLoader,66,61,25728
2025-09-19T08:12:49.574320,4000,Garry's Mod,67,62,22832
2025-09-19T08:12:49.574320,646570,Slay the Spire,68,68,17558
2025-09-19T08:12:49.574320,244210,Assetto Corsa,69,67,14371
2025-09-19T08:12:49.574320,261550,Mount & Blade II: Bannerlord,70,93,31498
2025-09-19T08:12:49.574320,2444750,Shape of Dreams,71,134,41094
2025-09-19T08:12:49.574320,1085660,Destiny 2,72,56,24869
2025-09-19T08:12:49.574320,251570,7 Days to Die,73,63,31227
2025-09-19T08:12:49.574320,2379780,Balatro,74,75,11157
2025-09-19T08:12:49.574320,1142710,Total War: WARHAMMER III,75,69,25852
2025-09-19T08:12:49.574320,2183900,"Warhammer 40,000: Space Marine 2",76,57,19532
2025-09-19T08:12:49.574320,108600,Project Zomboid,77,76,22309
2025-09-19T08:12:49.574320,1623730,Palworld,78,82,34270
2025-09-19T08:12:49.574320,1551360,Forza Horizon 5,79,78,16028
2025-09-19T08:12:49.574320,294100,RimWorld,80,73,31471
2025-09-19T08:12:49.574320,489830,The Elder Scrolls V: Skyrim Special Edition,81,80,20291
2025-09-19T08:12:49.574320,714010,Aimlabs,82,74,6515
2025-09-19T08:12:49.574320,1905180,OBS Studio,83,79,22290
2025-09-19T08:12:49.574320,3164500,Schedule I,84,55,18298
2025-09-19T08:12:49.574320,2358720,Black Myth: Wukong,85,71,26401
2025-09-19T08:12:49.574320,1771300,Kingdom Come: Deliverance II,86,77,25938
2025-09-19T08:12:49.574320,2300320,Farming Simulator 25,87,81,34130
2025-09-19T08:12:49.574320,2642680,Half Sword Tech Demo,88,91,6240
2025-09-19T08:12:49.574320,629520,Soundpad,89,85,19178
2025-09-19T08:12:49.574320,813780,Age of Empires II: Definitive Edition,90,94,17644
2025-09-19T08:12:49.574320,1158310,Crusader Kings III,91,87,21338
2025-09-19T08:12:49.574320,960090,Bloons TD 6,92,86,8943
2025-09-19T08:12:49.574320,2321470,Deep Rock Galactic: Survivor,93,-1,14713
2025-09-19T08:12:49.574320,1329410,1329410,94,92,13264
2025-09-19T08:12:49.574320,2139460,Once Human,95,88,24695
2025-09-19T08:12:49.574320,2878980,NBA 2K25,96,83,18636
2025-09-19T08:12:49.574320,3472040,NBA 2K26,97,95,21685
2025-09-19T08:12:49.574320,1172710,Dune: Awakening,98,90,23282
2025-09-19T08:12:49.574320,2246340,Monster Hunter Wilds,99,97,18177
2025-09-19T08:12:49.574320,552990,World of Warships,100,100,26118
2025-09-20T08:11:06.828151,730,Counter-Strike 2,1,1,1477189
2025-09-20T08:11:06.828151,570,Dota 2,2,2,895294
2025-09-20T08:11:06.828151,578080,PUBG: BATTLEGROUNDS,3,3,677425
2025-09-20T08:11:06.828151,431960,Wallpaper Engine,4,4,127245
2025-09-20T08:11:06.828151,1030300,Hollow Knight: Silksong,5,5,243476
2025-09-20T08:11:06.828151,1285190,Borderlands 4,6,6,181569
2025-09-20T08:11:06.828151,1172470,Apex Legends™,7,7,196068
2025-09-20T08:11:06.828151,3354750,skate.,8,-1,94365
2025-09-20T08:11:06.828151,2767030,Marvel Rivals,9,9,104430
2025-09-20T08:11:06.828151,2507950,Delta Force,10,10,235764
2025-09-20T08:11:06.828151,553850,HELLDIVERS™ 2,11,8,77874
2025-09-20T08:11:06.828151,236390,War Thunder,12,13,71554
2025-09-20T08:11:06.828151,367520,Hollow Knight,13,12,66309
2025-09-20T08:11:06.828151,2694490,Path of Exile 2,14,11,131221
2025-09-20T08:11:06.828151,1203220,NARAKA: BLADEPOINT,15,14,127107
2025-09-20T08:11:06.828151,359550,Tom Clancy's Rainbow Six® Siege X,16,15,62459
2025-09-20T08:11:06.828151,413150,Stardew Valley,17,16,97316
2025-09-20T08:11:06.828151,381210,Dead by Daylight,18,17,56972
2025-09-20T08:11:06.828151,3008130,Dying Light: The Beast,19,-1,97020
2025-09-20T08:11:06.828151,252490,Rust,20,18,128453
2025-09-20T08:11:06.828151,271590,Grand Theft Auto V Legacy,21,20,80040
2025-09-20T08:11:06.828151,440,Team Fortress 2,22,25,56726
2025-09-20T08:11:06.828151,1938090,Call of Duty®,23,23,46296
2025-09-20T08:11:06.828151,322330,饥荒联机版,24,43,58465
2025-09-20T08:11:06.828151,3240220,Grand Theft Auto V Enhanced,25,21,60105
2025-09-20T08:11:06.828151,1973530,Limbus Company,26,27,53583
2025-09-20T08:11:06.828151,2357570,Overwatch® 2,27,30,39773
2025-09-20T08:11:06.828151,3527290,PEAK,28,19,32402
2025-09-20T08:11:06.828151,1086940,Baldur's Gate 3,29,28,58921
2025-09-20T08:11:06.828151,322170,Geometry Dash,30,32,30127
2025-09-20T08:11:06.828151,105600,Terraria,31,31,26562
2025-09-20T08:11:06.828151,230410,Warframe,32,29,52374
2025-09-20T08:11:06.828151,227300,Euro Truck Simulator 2,33,33,39234
2025-09-20T08:11:06.828151,2669320,EA SPORTS FC™ 25,34,26,36755
2025-09-20T08:11:06.828151,550,Left 4 Dead 2,35,34,25455
2025-09-20T08:11:06.828151,394360,Hearts of Iron IV,36,35,53906
2025-09-20T08:11:06.828151,438100,VRChat,37,36,49469
2025-09-20T08:11:06.828151,2622380,ELDEN RING NIGHTREIGN,38,24,70229
2025-09-20T08:11:06.828151,3419430,Bongo Cat,39,39,131685
2025-09-20T08:11:06.828151,284160,BeamNG.drive,40,44,28740
2025-09-20T08:11:06.828151,1091500,Cyberpunk 2077,41,42,39713
2025-09-20T08:11:06.828151,275850,No Man's Sky,42,22,43155
2025-09-20T08:11:06.828151,2073620,Arena Breakout: Infinite,43,-1,42052
2025-09-20T08:11:06.828151,3241660,R.E.P.O.,44,37,27834
2025-09-20T08:11:06.828151,1422450,Deadlock,45,40,41582
2025-09-20T08:11:06.828151,1174180,Red Dead Redemption 2,46,38,37894
2025-09-20T08:11:06.828151,250900,The Binding of Isaac: Rebirth,47,41,23486
2025-09-20T08:11:06.828151,252950,Rocket League®,48,48,26620
2025-09-20T08:11:06.828151,1449850,Yu-Gi-Oh! Master Duel,49,46,20599
2025-09-20T08:11:06.828151,1222670,The Sims™ 4,50,49,27794
2025-09-20T08:11:06.828151,739630,Phasmophobia,51,71,23059
2025-09-20T08:11:06.828151,1366800,Crosshair X,52,51,49174
2025-09-20T08:11:06.828151,1517290,Battlefield™ 2042,53,45,22774
2025-09-20T08:11:06.828151,289070,Sid Meier’s Civilization® VI,54,55,43083
2025-09-20T08:11:06.828151,1245620,ELDEN RING,55,53,30163
2025-09-20T08:11:06.828151,2584990,Shadowverse: Worlds Beyond,56,50,18970
2025-09-20T08:11:06.828151,1364780,Street Fighter™ 6,57,54,33791
2025-09-20T08:11:06.828151,2073850,THE FINALS,58,47,22097
2025-09-20T08:11:06.828151,221100,DayZ,59,63,55711
2025-09-20T08:11:06.828151,4000,Garry's Mod,60,56,25850
2025-09-20T08:11:06.828151,1281930,tModLoader,61,57,28521
2025-09-20T08:11:06.828151,1665460,eFootball™,62,60,19362
2025-09-20T08:11:06.828151,3513350,Wuthering Waves,63,79,16492
2025-09-20T08:11:06.828151,892970,Valheim,64,67,36880
2025-09-20T08:11:06.828151,291550,Brawlhalla,65,64,13682
2025-09-20T08:11:06.828151,3224770,Umamusume: Pretty Derby,66,52,17062
2025-09-20T08:11:06.828151,244210,Assetto Corsa,67,65,15199
2025-09-20T08:11:06.828151,261550,Mount & Blade II: Bannerlord,68,91,33629
2025-09-20T08:11:06.828151,2252570,Football Manager 2024,69,61,53710
2025-09-20T08:11:06.828151,646570,Slay the Spire,70,69,17868
2025-09-20T08:11:06.828151,1551360,Forza Horizon 5,71,70,16475
2025-09-20T08:11:06.828151,1142710,Total War: WARHAMMER III,72,73,27985
2025-09-20T08:11:06.828151,2444750,Shape of Dreams,73,105,40682
2025-09-20T08:11:06.828151,251570,7 Days to Die,74,66,32969
2025-09-20T08:11:06.828151,108600,Project Zomboid,75,75,24313
2025-09-20T08:11:06.828151,1623730,Palworld,76,85,36412
2025-09-20T08:11:06.828151,2183900,"Warhammer 40,000: Space Marine 2",77,59,20981
2025-09-20T08:11:06.828151,2379780,Balatro,78,77,11216
2025-09-20T08:11:06.828151,1905180,OBS Studio,79,76,25321
2025-09-20T08:11:06.828151,1085660,Destiny 2,80,68,24904
2025-09-20T08:11:06.828151,714010,Aimlabs,81,74,6493
2025-09-20T08:11:06.828151,294100,RimWorld,82,78,32537
2025-09-20T08:11:06.828151,489830,The Elder Scrolls V: Skyrim Special Edition,83,82,20900
2025-09-20T08:11:06.828151,2358720,Black Myth: Wukong,84,72,28350
2025-09-20T08:11:06.828151,629520,Soundpad,85,83,21313
2025-09-20T08:11:06.828151,2642680,Half Sword Tech Demo,86,87,6515
2025-09-20T08:11:06.828151,3164500,Schedule I,87,62,18453
2025-09-20T08:11:06.828151,2300320,Farming Simulator 25,88,84,32878
2025-09-20T08:11:06.828151,813780,Age of Empires II: Definitive Edition,89,90,19684
2025-09-20T08:11:06.828151,1771300,Kingdom Come: Deliverance II,90,81,25336
2025-09-20T08:11:06.828151,960090,Bloons TD 6,91,89,9213
2025-09-20T08:11:06.828151,1158310,Crusader Kings III,92,88,22389
2025-09-20T08:11:06.828151,3165720,Fellowship Playtest,93,-1,15920
2025-09-20T08:11:06.828151,1329410,1329410,94,94,13025
2025-09-20T08:11:06.828151,2321470,Deep Rock Galactic: Survivor,95,-1,14500
2025-09-20T08:11:06.828151,2878980,NBA 2K25,96,86,19050
2025-09-20T08:11:06.828151,2139460,Once Human,97,93,24776
2025-09-20T08:11:06.828151,3472040,NBA 2K26,98,96,21228
2025-09-20T08:11:06.828151,552990,World of Warships,99,102,26404
2025-09-20T08:11:06.828151,2246340,Monster Hunter Wilds,100,97,18703
2025-09-21T08:10:33.760021,730,Counter-Strike 2,1,1,1512900
2025-09-21T08:10:33.760021,570,Dota 2,2,2,938429
2025-09-21T08:10:33.760021,578080,PUBG: BATTLEGROUNDS,3,3,682601
2025-09-21T08:10:33.760021,431960,Wallpaper Engine,4,4,136550
2025-09-21T08:10:33.760021,1030300,Hollow Knight: Silksong,5,5,277366
2025-09-21T08:10:33.760021,1172470,Apex Legends™,6,7,198218
2025-09-21T08:10:33.760021,3354750,skate.,7,-1,114820
2025-09-21T08:10:33.760021,1285190,Borderlands 4,8,6,212663
2025-09-21T08:10:33.760021,2767030,Marvel Rivals,9,8,110230
2025-09-21T08:10:33.760021,2507950,Delta Force,10,10,238176
2025-09-21T08:10:33.760021,553850,HELLDIVERS™ 2,11,9,84694
2025-09-21T08:10:33.760021,236390,War Thunder,12,13,78932
2025-09-21T08:10:33.760021,367520,Hollow Knight,13,11,78027
2025-09-21T08:10:33.760021,413150,Stardew Valley,14,16,111370
2025-09-21T08:10:33.760021,359550,Tom Clancy's Rainbow Six® Siege X,15,14,71644
2025-09-21T08:10:33.760021,1203220,NARAKA: BLADEPOINT,16,15,124443
2025-09-21T08:10:33.760021,2694490,Path of Exile 2,17,12,141019
2025-09-21T08:10:33.760021,381210,Dead by Daylight,18,17,63699
2025-09-21T08:10:33.760021,3008130,Dying Light: The Beast,19,-1,115278
2025-09-21T08:10:33.760021,271590,Grand Theft Auto V Legacy,20,19,85115
2025-09-21T08:10:33.760021,252490,Rust,21,20,132066
2025-09-21T08:10:33.760021,3527290,PEAK,22,18,39400
2025-09-21T08:10:33.760021,1938090,Call of Duty®,23,22,54083
2025-09-21T08:10:33.760021,3240220,Grand Theft Auto V Enhanced,24,21,65577
2025-09-21T08:10:33.760021,440,Team Fortress 2,25,24,60616
2025-09-21T08:10:33.760021,322330,饥荒联机版,26,41,66893
2025-09-21T08:10:33.760021,105600,Terraria,27,27,32303
2025-09-21T08:10:33.760021,1973530,Limbus Company,28,31,49317
2025-09-21T08:10:33.760021,2357570,Overwatch® 2,29,30,43887
2025-09-21T08:10:33.760021,1086940,Baldur's Gate 3,30,26,73820
2025-09-21T08:10:33.760021,550,Left 4 Dead 2,31,33,31128
2025-09-21T08:10:33.760021,227300,Euro Truck Simulator 2,32,29,42160
2025-09-21T08:10:33.760021,322170,Geometry Dash,33,32,35964
2025-09-21T08:10:33.760021,1091500,Cyberpunk 2077,34,39,53607
2025-09-21T08:10:33.760021,230410,Warframe,35,34,55023
2025-09-21T08:10:33.760021,394360,Hearts of Iron IV,36,36,63862
2025-09-21T08:10:33.760021,438100,VRChat,37,37,52222
2025-09-21T08:10:33.760021,2669320,EA SPORTS FC™ 25,38,28,38775
2025-09-21T08:10:33.760021,3241660,R.E.P.O.,39,35,33865
2025-09-21T08:10:33.760021,284160,BeamNG.drive,40,40,32184
2025-09-21T08:10:33.760021,2622380,ELDEN RING NIGHTREIGN,41,25,73243
2025-09-21T08:10:33.760021,275850,No Man's Sky,42,23,51356
2025-09-21T08:10:33.760021,2073620,Arena Breakout: Infinite,43,-1,50131
2025-09-21T08:10:33.760021,1174180,Red Dead Redemption 2,44,38,44131
2025-09-21T08:10:33.760021,1422450,Deadlock,45,43,45771
2025-09-21T08:10:33.760021,3419430,Bongo Cat,46,45,128684
2025-09-21T08:10:33.760021,250900,The Binding of Isaac: Rebirth,47,42,25286
2025-09-21T08:10:33.760021,1222670,The Sims™ 4,48,46,34004
2025-09-21T08:10:33.760021,252950,Rocket League®,49,49,26472
2025-09-21T08:10:33.760021,1449850,Yu-Gi-Oh! Master Duel,50,47,20378
2025-09-21T08:10:33.760021,739630,Phasmophobia,51,66,25214
2025-09-21T08:10:33.760021,289070,Sid Meier’s Civilization® VI,52,52,51643
2025-09-21T08:10:33.760021,1517290,Battlefield™ 2042,53,44,26397
2025-09-21T08:10:33.760021,4000,Garry's Mod,54,51,30797
2025-09-21T08:10:33.760021,1245620,ELDEN RING,55,50,35732
2025-09-21T08:10:33.760021,1281930,tModLoader,56,53,33488
2025-09-21T08:10:33.760021,1366800,Crosshair X,57,56,55880
2025-09-21T08:10:33.760021,1364780,Street Fighter™ 6,58,57,32723
2025-09-21T08:10:33.760021,221100,DayZ,59,59,62626
2025-09-21T08:10:33.760021,892970,Valheim,60,60,44873
2025-09-21T08:10:33.760021,2073850,THE FINALS,61,48,24469
2025-09-21T08:10:33.760021,2584990,Shadowverse: Worlds Beyond,62,54,23035
2025-09-21T08:10:33.760021,291550,Brawlhalla,63,67,14626
2025-09-21T08:10:33.760021,244210,Assetto Corsa,64,62,16388
2025-09-21T08:10:33.760021,1665460,eFootball™,65,68,18785
2025-09-21T08:10:33.760021,261550,Mount & Blade II: Bannerlord,66,92,40171
2025-09-21T08:10:33.760021,108600,Project Zomboid,67,72,30219
2025-09-21T08:10:33.760021,251570,7 Days to Die,68,64,40411
2025-09-21T08:10:33.760021,1623730,Palworld,69,80,43249
2025-09-21T08:10:33.760021,3513350,Wuthering Waves,70,82,17288
2025-09-21T08:10:33.760021,2444750,Shape of Dreams,71,95,45319
2025-09-21T08:10:33.760021,1551360,Forza Horizon 5,72,69,17305
2025-09-21T08:10:33.760021,1142710,Total War: WARHAMMER III,73,73,33944
2025-09-21T08:10:33.760021,2358720,Black Myth: Wukong,74,63,30320
2025-09-21T08:10:33.760021,3224770,Umamusume: Pretty Derby,75,58,17856
2025-09-21T08:10:33.760021,646570,Slay the Spire,76,74,18540
2025-09-21T08:10:33.760021,2183900,"Warhammer 40,000: Space Marine 2",77,61,22710
2025-09-21T08:10:33.760021,2252570,Football Manager 2024,78,70,61535
2025-09-21T08:10:33.760021,1905180,OBS Studio,79,78,25852
2025-09-21T08:10:33.760021,714010,Aimlabs,80,76,6667
2025-09-21T08:10:33.760021,489830,The Elder Scrolls V: Skyrim Special Edition,81,81,25107
2025-09-21T08:10:33.760021,1085660,Destiny 2,82,75,27749
2025-09-21T08:10:33.760021,294100,RimWorld,83,77,38772
2025-09-21T08:10:33.760021,2379780,Balatro,84,83,11718
2025-09-21T08:10:33.760021,629520,Soundpad,85,85,23517
2025-09-21T08:10:33.760021,2642680,Half Sword Tech Demo,86,86,7210
2025-09-21T08:10:33.760021,3164500,Schedule I,87,65,22407
2025-09-21T08:10:33.760021,813780,Age of Empires II: Definitive Edition,88,90,23536
2025-09-21T08:10:33.760021,2300320,Farming Simulator 25,89,84,35493
2025-09-21T08:10:33.760021,1426210,It Takes Two,90,101,27060
2025-09-21T08:10:33.760021,1158310,Crusader Kings III,91,87,26904
2025-09-21T08:10:33.760021,960090,Bloons TD 6,92,93,10811
2025-09-21T08:10:33.760021,1771300,Kingdom Come: Deliverance II,93,79,29748
2025-09-21T08:10:33.760021,2878980,NBA 2K25,94,88,19506
2025-09-21T08:10:33.760021,1329410,1329410,95,97,13604
2025-09-21T08:10:33.760021,2321470,Deep Rock Galactic: Survivor,96,-1,16015
2025-09-21T08:10:33.760021,2139460,Once Human,97,96,28434
2025-09-21T08:10:33.760021,2246340,Monster Hunter Wilds,98,94,21561
2025-09-21T08:10:33.760021,292030,The Witcher 3: Wild Hunt,99,104,19739
2025-09-21T08:10:33.760021,1144200,Ready or Not,100,91,9960
2025-09-22T08:13:32.130582,730,Counter-Strike 2,1,1,1530847
2025-09-22T08:13:32.130582,570,Dota 2,2,2,961289
2025-09-22T08:13:32.130582,578080,PUBG: BATTLEGROUNDS,3,3,695017
2025-09-22T08:13:32.130582,431960,Wallpaper Engine,4,4,130785
2025-09-22T08:13:32.130582,1030300,Hollow Knight: Silksong,5,5,265603
2025-09-22T08:13:32.130582,3354750,skate.,6,-1,134901
2025-09-22T08:13:32.130582,1172470,Apex Legends™,7,7,200111
2025-09-22T08:13:32.130582,1285190,Borderlands 4,8,6,218462
2025-09-22T08:13:32.130582,2767030,Marvel Rivals,9,9,100498
2025-09-22T08:13:32.130582,2507950,Delta Force,10,10,235333
2025-09-22T08:13:32.130582,553850,HELLDIVERS™ 2,11,8,87287
2025-09-22T08:13:32.130582,236390,War Thunder,12,13,79848
2025-09-22T08:13:32.130582,413150,Stardew Valley,13,15,110889
2025-09-22T08:13:32.130582,367520,Hollow Knight,14,11,75769
2025-09-22T08:13:32.130582,359550,Tom Clancy's Rainbow Six® Siege X,15,14,76944
2025-09-22T08:13:32.130582,1203220,NARAKA: BLADEPOINT,16,16,121736
2025-09-22T08:13:32.130582,2694490,Path of Exile 2,17,12,143492
2025-09-22T08:13:32.130582,381210,Dead by Daylight,18,17,65192
2025-09-22T08:13:32.130582,3008130,消逝的光芒：困兽,19,-1,121222
2025-09-22T08:13:32.130582,271590,Grand Theft Auto V Legacy,20,19,90277
2025-09-22T08:13:32.130582,252490,Rust,21,21,127289
2025-09-22T08:13:32.130582,1938090,Call of Duty®,22,22,60325
2025-09-22T08:13:32.130582,3527290,PEAK,23,18,38655
2025-09-22T08:13:32.130582,3240220,Grand Theft Auto V Enhanced,24,20,65325
2025-09-22T08:13:32.130582,440,Team Fortress 2,25,25,60401
2025-09-22T08:13:32.130582,1086940,Baldur's Gate 3,26,24,83146
2025-09-22T08:13:32.130582,322330,饥荒联机版,27,41,66544
2025-09-22T08:13:32.130582,105600,Terraria,28,26,31295
2025-09-22T08:13:32.130582,2357570,Overwatch® 2,29,30,44412
2025-09-22T08:13:32.130582,550,Left 4 Dead 2,30,31,38006
2025-09-22T08:13:32.130582,227300,Euro Truck Simulator 2,31,27,46976
2025-09-22T08:13:32.130582,1091500,Cyberpunk 2077,32,39,59743
2025-09-22T08:13:32.130582,1973530,Limbus Company,33,35,42898
2025-09-22T08:13:32.130582,322170,Geometry Dash,34,34,34724
2025-09-22T08:13:32.130582,438100,VRChat,35,36,57571
2025-09-22T08:13:32.130582,230410,Warframe,36,32,54561
2025-09-22T08:13:32.130582,2669320,EA SPORTS FC™ 25,37,29,40291
2025-09-22T08:13:32.130582,394360,Hearts of Iron IV,38,37,59373
2025-09-22T08:13:32.130582,3241660,R.E.P.O.,39,33,31760
2025-09-22T08:13:32.130582,284160,BeamNG.drive,40,40,32322
2025-09-22T08:13:32.130582,2073620,Arena Breakout: Infinite,41,-1,58385
2025-09-22T08:13:32.130582,2622380,ELDEN RING NIGHTREIGN,42,28,68834
2025-09-22T08:13:32.130582,275850,No Man's Sky,43,23,54135
2025-09-22T08:13:32.130582,1174180,Red Dead Redemption 2,44,38,45963
2025-09-22T08:13:32.130582,3419430,Bongo Cat,45,44,136898
2025-09-22T08:13:32.130582,1422450,Deadlock,46,42,48640
2025-09-22T08:13:32.130582,1222670,The Sims™ 4,47,45,36949
2025-09-22T08:13:32.130582,250900,The Binding of Isaac: Rebirth,48,43,25664
2025-09-22T08:13:32.130582,252950,Rocket League®,49,47,29236
2025-09-22T08:13:32.130582,739630,Phasmophobia,50,63,27726
2025-09-22T08:13:32.130582,1449850,Yu-Gi-Oh! Master Duel,51,48,19562
2025-09-22T08:13:32.130582,289070,Sid Meier’s Civilization® VI,52,51,51126
2025-09-22T08:13:32.130582,1245620,ELDEN RING,53,50,36967
2025-09-22T08:13:32.130582,1517290,Battlefield™ 2042,54,46,26115
2025-09-22T08:13:32.130582,4000,Garry's Mod,55,52,30191
2025-09-22T08:13:32.130582,1366800,Crosshair X,56,54,58046
2025-09-22T08:13:32.130582,221100,DayZ,57,57,68375
2025-09-22T08:13:32.130582,892970,Valheim,58,53,49001
2025-09-22T08:13:32.130582,1281930,tModLoader,59,56,33588
2025-09-22T08:13:32.130582,2073850,THE FINALS,60,49,25566
2025-09-22T08:13:32.130582,2584990,Shadowverse: Worlds Beyond,61,55,27649
2025-09-22T08:13:32.130582,1364780,Street Fighter™ 6,62,61,31101
2025-09-22T08:13:32.130582,261550,Mount & Blade II: Bannerlord,63,89,43003
2025-09-22T08:13:32.130582,291550,Brawlhalla,64,67,15523
2025-09-22T08:13:32.130582,251570,7 Days to Die,65,59,42764
2025-09-22T08:13:32.130582,1623730,Palworld,66,79,46352
2025-09-22T08:13:32.130582,244210,Assetto Corsa,67,65,16420
2025-09-22T08:13:32.130582,108600,Project Zomboid,68,69,31368
2025-09-22T08:13:32.130582,1665460,eFootball™,69,70,18378
2025-09-22T08:13:32.130582,2444750,Shape of Dreams,70,85,45042
2025-09-22T08:13:32.130582,1142710,Total War: WARHAMMER III,71,71,35825
2025-09-22T08:13:32.130582,3224770,Umamusume: Pretty Derby,72,62,18605
2025-09-22T08:13:32.130582,3513350,Wuthering Waves,73,82,17100
2025-09-22T08:13:32.130582,2252570,Football Manager 2024,74,66,64230
2025-09-22T08:13:32.130582,1551360,Forza Horizon 5,75,72,17111
2025-09-22T08:13:32.130582,489830,The Elder Scrolls V: Skyrim Special Edition,76,80,27733
2025-09-22T08:13:32.130582,2358720,Black Myth: Wukong,77,68,27877
2025-09-22T08:13:32.130582,2183900,"Warhammer 40,000: Space Marine 2",78,60,22461
2025-09-22T08:13:32.130582,646570,Slay the Spire,79,75,18088
2025-09-22T08:13:32.130582,294100,RimWorld,80,77,40426
2025-09-22T08:13:32.130582,2300320,Farming Simulator 25,81,73,43544
2025-09-22T08:13:32.130582,1905180,OBS Studio,82,84,24647
2025-09-22T08:13:32.130582,1085660,Destiny 2,83,78,27993
2025-09-22T08:13:32.130582,714010,Aimlabs,84,81,6444
2025-09-22T08:13:32.130582,3164500,Schedule I,85,64,24644
2025-09-22T08:13:32.130582,2379780,Balatro,86,83,12360
2025-09-22T08:13:32.130582,813780,Age of Empires II: Definitive Edition,87,90,24776
2025-09-22T08:13:32.130582,2642680,Half Sword Tech Demo,88,86,7273
2025-09-22T08:13:32.130582,629520,Soundpad,89,88,22366
2025-09-22T08:13:32.130582,1771300,Kingdom Come: Deliverance II,90,74,33660
2025-09-22T08:13:32.130582,1158310,Crusader Kings III,91,87,27883
2025-09-22T08:13:32.130582,292030,The Witcher 3: Wild Hunt,92,103,23163
2025-09-22T08:13:32.130582,1426210,It Takes Two,93,99,25568
2025-09-22T08:13:32.130582,960090,Bloons TD 6,94,93,10512
2025-09-22T08:13:32.130582,2321470,Deep Rock Galactic: Survivor,95,-1,17574
2025-09-22T08:13:32.130582,1145360,Hades,96,-1,19029
2025-09-22T08:13:32.130582,1260320,Party Animals,97,174,24615
2025-09-22T08:13:32.130582,2139460,Once Human,98,95,29104
2025-09-22T08:13:32.130582,2878980,NBA 2K25,99,91,18578
2025-09-22T08:13:32.130582,1329410,1329410,100,98,13375
2025-09-23T08:12:48.217252,730,Counter-Strike 2,1,1,1376827
2025-09-23T08:12:48.217252,570,Dota 2,2,2,854719
2025-09-23T08:12:48.217252,578080,PUBG: BATTLEGROUNDS,3,3,658033
2025-09-23T08:12:48.217252,431960,Wallpaper Engine,4,4,121021
2025-09-23T08:12:48.217252,1030300,Hollow Knight: Silksong,5,5,197329
2025-09-23T08:12:48.217252,3354750,skate.,6,-1,117140
2025-09-23T08:12:48.217252,1172470,Apex Legends™,7,7,188047
2025-09-23T08:12:48.217252,1285190,Borderlands 4,8,6,178445
2025-09-23T08:12:48.217252,2507950,Delta Force,9,10,228692
2025-09-23T08:12:48.217252,2767030,Marvel Rivals,10,9,96336
2025-09-23T08:12:48.217252,553850,HELLDIVERS™ 2,11,8,73451
2025-09-23T08:12:48.217252,236390,War Thunder,12,13,65647
2025-09-23T08:12:48.217252,1203220,NARAKA: BLADEPOINT,13,15,122021
2025-09-23T08:12:48.217252,413150,Stardew Valley,14,16,94791
2025-09-23T08:12:48.217252,2694490,Path of Exile 2,15,11,120958
2025-09-23T08:12:48.217252,359550,Tom Clancy's Rainbow Six® Siege X,16,14,58198
2025-09-23T08:12:48.217252,367520,Hollow Knight,17,12,55907
2025-09-23T08:12:48.217252,381210,Dead by Daylight,18,17,55641
2025-09-23T08:12:48.217252,3008130,Dying Light: The Beast,19,-1,87758
2025-09-23T08:12:48.217252,252490,Rust,20,18,112948
2025-09-23T08:12:48.217252,271590,Grand Theft Auto V Legacy,21,19,78109
2025-09-23T08:12:48.217252,1938090,Call of Duty®,22,20,47604
2025-09-23T08:12:48.217252,440,Team Fortress 2,23,22,53832
2025-09-23T08:12:48.217252,1086940,Baldur's Gate 3,24,24,62610
2025-09-23T08:12:48.217252,322330,饥荒联机版,25,43,61322
2025-09-23T08:12:48.217252,2357570,Overwatch® 2,26,26,35919
2025-09-23T08:12:48.217252,1973530,Limbus Company,27,31,41705
2025-09-23T08:12:48.217252,3240220,Grand Theft Auto V Enhanced,28,23,54357
2025-09-23T08:12:48.217252,1091500,Cyberpunk 2077,29,39,47323
2025-09-23T08:12:48.217252,230410,Warframe,30,28,48535
2025-09-23T08:12:48.217252,105600,Terraria,31,30,25147
2025-09-23T08:12:48.217252,3527290,PEAK,32,21,28733
2025-09-23T08:12:48.217252,550,Left 4 Dead 2,33,35,30022
2025-09-23T08:12:48.217252,227300,Euro Truck Simulator 2,34,32,39694
2025-09-23T08:12:48.217252,438100,VRChat,35,33,48566
2025-09-23T08:12:48.217252,322170,Geometry Dash,36,34,26817
2025-09-23T08:12:48.217252,3419430,Bongo Cat,37,36,134944
2025-09-23T08:12:48.217252,2073620,Arena Breakout: Infinite,38,-1,50047
2025-09-23T08:12:48.217252,2669320,EA SPORTS FC™ 25,39,29,32612
2025-09-23T08:12:48.217252,2622380,ELDEN RING NIGHTREIGN,40,27,63510
2025-09-23T08:12:48.217252,1422450,Deadlock,41,37,41359
2025-09-23T08:12:48.217252,394360,Hearts of Iron IV,42,40,46617
2025-09-23T08:12:48.217252,284160,BeamNG.drive,43,46,25691
2025-09-23T08:12:48.217252,275850,No Man's Sky,44,25,39563
2025-09-23T08:12:48.217252,3241660,R.E.P.O.,45,38,25116
2025-09-23T08:12:48.217252,250900,The Binding of Isaac: Rebirth,46,42,22459
2025-09-23T08:12:48.217252,1174180,Red Dead Redemption 2,47,41,35641
2025-09-23T08:12:48.217252,1449850,Yu-Gi-Oh! Master Duel,48,45,20287
2025-09-23T08:12:48.217252,252950,Rocket League®,49,47,27185
2025-09-23T08:12:48.217252,1222670,The Sims™ 4,50,49,28544
2025-09-23T08:12:48.217252,3224770,Umamusume: Pretty Derby,51,57,23799
2025-09-23T08:12:48.217252,1517290,Battlefield™ 2042,52,44,24967
2025-09-23T08:12:48.217252,1366800,Crosshair X,53,52,49743
2025-09-23T08:12:48.217252,289070,Sid Meier’s Civilization® VI,54,58,42045
2025-09-23T08:12:48.217252,2584990,Shadowverse: Worlds Beyond,55,51,23853
2025-09-23T08:12:48.217252,739630,Phasmophobia,56,48,19247
2025-09-23T08:12:48.217252,221100,DayZ,57,56,58219
2025-09-23T08:12:48.217252,1245620,ELDEN RING,58,54,29011
2025-09-23T08:12:48.217252,892970,Valheim,59,53,37943
2025-09-23T08:12:48.217252,1364780,Street Fighter™ 6,60,55,33164
2025-09-23T08:12:48.217252,2073850,THE FINALS,61,50,21174
2025-09-23T08:12:48.217252,1281930,tModLoader,62,60,27438
2025-09-23T08:12:48.217252,261550,Mount & Blade II: Bannerlord,63,87,35639
2025-09-23T08:12:48.217252,4000,Garry's Mod,64,62,23923
2025-09-23T08:12:48.217252,1665460,eFootball™,65,64,16474
2025-09-23T08:12:48.217252,3513350,Wuthering Waves,66,68,14450
2025-09-23T08:12:48.217252,291550,Brawlhalla,67,65,12284
2025-09-23T08:12:48.217252,1623730,Palworld,68,80,39648
2025-09-23T08:12:48.217252,2252570,Football Manager 2024,69,59,56787
2025-09-23T08:12:48.217252,251570,7 Days to Die,70,63,32138
2025-09-23T08:12:48.217252,2444750,Shape of Dreams,71,75,39947
2025-09-23T08:12:48.217252,108600,Project Zomboid,72,69,23471
2025-09-23T08:12:48.217252,646570,Slay the Spire,73,67,17505
2025-09-23T08:12:48.217252,244210,Assetto Corsa,74,70,13853
2025-09-23T08:12:48.217252,1142710,Total War: WARHAMMER III,75,71,27163
2025-09-23T08:12:48.217252,489830,The Elder Scrolls V: Skyrim Special Edition,76,78,21876
2025-09-23T08:12:48.217252,2379780,Balatro,77,72,11559
2025-09-23T08:12:48.217252,294100,RimWorld,78,73,32097
2025-09-23T08:12:48.217252,714010,Aimlabs,79,79,6895
2025-09-23T08:12:48.217252,2183900,"Warhammer 40,000: Space Marine 2",80,61,19422
2025-09-23T08:12:48.217252,3405340,Megabonk,81,-1,24198
2025-09-23T08:12:48.217252,1085660,Destiny 2,82,76,22805
2025-09-23T08:12:48.217252,1905180,OBS Studio,83,82,22731
2025-09-23T08:12:48.217252,2300320,Farming Simulator 25,84,81,37018
2025-09-23T08:12:48.217252,1551360,Forza Horizon 5,85,84,13590
2025-09-23T08:12:48.217252,1260320,Party Animals,86,187,28023
2025-09-23T08:12:48.217252,813780,Age of Empires II: Definitive Edition,87,91,19055
2025-09-23T08:12:48.217252,3164500,Schedule I,88,66,19448
2025-09-23T08:12:48.217252,2358720,Black Myth: Wukong,89,83,25540
2025-09-23T08:12:48.217252,2642680,Half Sword Tech Demo,90,85,6052
2025-09-23T08:12:48.217252,2321470,Deep Rock Galactic: Survivor,91,-1,14938
2025-09-23T08:12:48.217252,629520,Soundpad,92,89,19266
2025-09-23T08:12:48.217252,1145360,Hades,93,-1,16901
2025-09-23T08:12:48.217252,1771300,Kingdom Come: Deliverance II,94,77,24031
2025-09-23T08:12:48.217252,2139460,Once Human,95,92,25881
2025-09-23T08:12:48.217252,960090,Bloons TD 6,96,90,8439
2025-09-23T08:12:48.217252,1158310,Crusader Kings III,97,88,21396
2025-09-23T08:12:48.217252,1329410,1329410,98,94,12946
2025-09-23T08:12:48.217252,292030,The Witcher 3: Wild Hunt,99,105,17321
2025-09-23T08:12:48.217252,281990,Stellaris,100,128,20685
2025-09-24T08:12:59.181958,730,Counter-Strike 2,1,1,1410279
2025-09-24T08:12:59.181958,570,Dota 2,2,2,842420
2025-09-24T08:12:59.181958,578080,PUBG: BATTLEGROUNDS,3,3,679870
2025-09-24T08:12:59.181958,431960,Wallpaper Engine,4,4,124865
2025-09-24T08:12:59.181958,1030300,Hollow Knight: Silksong,5,5,191602
2025-09-24T08:12:59.181958,3354750,skate.,6,27,110662
2025-09-24T08:12:59.181958,1172470,Apex Legends™,7,7,183620
2025-09-24T08:12:59.181958,1285190,Borderlands 4,8,6,153275
2025-09-24T08:12:59.181958,2507950,Delta Force,9,10,240422
2025-09-24T08:12:59.181958,2767030,Marvel Rivals,10,8,93065
2025-09-24T08:12:59.181958,553850,HELLDIVERS™ 2,11,9,64853
2025-09-24T08:12:59.181958,236390,War Thunder,12,11,75158
2025-09-24T08:12:59.181958,381210,Dead by Daylight,13,17,79394
2025-09-24T08:12:59.181958,1203220,NARAKA: BLADEPOINT,14,14,124930
2025-09-24T08:12:59.181958,413150,Stardew Valley,15,16,99227
2025-09-24T08:12:59.181958,359550,Tom Clancy's Rainbow Six® Siege X,16,15,58461
2025-09-24T08:12:59.181958,367520,Hollow Knight,17,13,55731
2025-09-24T08:12:59.181958,2694490,Path of Exile 2,18,12,109427
2025-09-24T08:12:59.181958,3008130,Dying Light: The Beast,19,-1,80189
2025-09-24T08:12:59.181958,252490,Rust,20,19,108080
2025-09-24T08:12:59.181958,271590,Grand Theft Auto V Legacy,21,18,77006
2025-09-24T08:12:59.181958,1938090,Call of Duty®,22,20,45217
2025-09-24T08:12:59.181958,440,Team Fortress 2,23,21,53969
2025-09-24T08:12:59.181958,322330,饥荒联机版,24,45,63807
2025-09-24T08:12:59.181958,1973530,Limbus Company,25,31,44958
2025-09-24T08:12:59.181958,2357570,Overwatch® 2,26,23,37838
2025-09-24T08:12:59.181958,3240220,Grand Theft Auto V Enhanced,27,22,56286
2025-09-24T08:12:59.181958,3527290,PEAK,28,24,28499
2025-09-24T08:12:59.181958,1086940,Baldur's Gate 3,29,25,52368
2025-09-24T08:12:59.181958,1091500,Cyberpunk 2077,30,40,48786
2025-09-24T08:12:59.181958,105600,Terraria,31,32,25813
2025-09-24T08:12:59.181958,230410,Warframe,32,28,46469
2025-09-24T08:12:59.181958,227300,Euro Truck Simulator 2,33,33,39951
2025-09-24T08:12:59.181958,550,Left 4 Dead 2,34,36,26625
2025-09-24T08:12:59.181958,322170,Geometry Dash,35,34,27752
2025-09-24T08:12:59.181958,438100,VRChat,36,35,48120
2025-09-24T08:12:59.181958,3419430,Bongo Cat,37,37,136235
2025-09-24T08:12:59.181958,2669320,EA SPORTS FC™ 25,38,29,33652
2025-09-24T08:12:59.181958,2073620,Arena Breakout: Infinite,39,56,49508
2025-09-24T08:12:59.181958,2622380,ELDEN RING NIGHTREIGN,40,30,60938
2025-09-24T08:12:59.181958,394360,Hearts of Iron IV,41,41,47116
2025-09-24T08:12:59.181958,1422450,Deadlock,42,38,40912
2025-09-24T08:12:59.181958,284160,BeamNG.drive,43,39,25611
2025-09-24T08:12:59.181958,250900,The Binding of Isaac: Rebirth,44,44,22573
2025-09-24T08:12:59.181958,1174180,Red Dead Redemption 2,45,42,36456
2025-09-24T08:12:59.181958,1449850,Yu-Gi-Oh! Master Duel,46,47,20280
2025-09-24T08:12:59.181958,3241660,R.E.P.O.,47,43,23543
2025-09-24T08:12:59.181958,275850,No Man's Sky,48,26,36544
2025-09-24T08:12:59.181958,252950,Rocket League®,49,48,26549
2025-09-24T08:12:59.181958,1222670,The Sims™ 4,50,50,28454
2025-09-24T08:12:59.181958,1366800,Crosshair X,51,52,50505
2025-09-24T08:12:59.181958,3224770,Umamusume: Pretty Derby,52,55,21270
2025-09-24T08:12:59.181958,289070,Sid Meier’s Civilization® VI,53,60,43925
2025-09-24T08:12:59.181958,1517290,Battlefield™ 2042,54,49,20501
2025-09-24T08:12:59.181958,2584990,Shadowverse: Worlds Beyond,55,53,21063
2025-09-24T08:12:59.181958,1364780,Street Fighter™ 6,56,58,31275
2025-09-24T08:12:59.181958,221100,DayZ,57,57,57643
2025-09-24T08:12:59.181958,1245620,ELDEN RING,58,54,29274
2025-09-24T08:12:59.181958,2073850,THE FINALS,59,51,20776
2025-09-24T08:12:59.181958,3405340,Megabonk,60,-1,29670
2025-09-24T08:12:59.181958,1281930,tModLoader,61,62,28405
2025-09-24T08:12:59.181958,261550,Mount & Blade II: Bannerlord,62,82,37620
2025-09-24T08:12:59.181958,892970,Valheim,63,59,36466
2025-09-24T08:12:59.181958,1665460,eFootball™,64,66,15795
2025-09-24T08:12:59.181958,3513350,Wuthering Waves,65,64,13629
2025-09-24T08:12:59.181958,739630,Phasmophobia,66,46,17549
2025-09-24T08:12:59.181958,1623730,Palworld,67,79,40604
2025-09-24T08:12:59.181958,4000,Garry's Mod,68,65,23375
2025-09-24T08:12:59.181958,244210,Assetto Corsa,69,72,14552
2025-09-24T08:12:59.181958,291550,Brawlhalla,70,68,12986
2025-09-24T08:12:59.181958,646570,Slay the Spire,71,70,18029
2025-09-24T08:12:59.181958,1085660,Destiny 2,72,63,23464
2025-09-24T08:12:59.181958,2444750,Shape of Dreams,73,71,39490
2025-09-24T08:12:59.181958,2252570,Football Manager 2024,74,61,54533
2025-09-24T08:12:59.181958,251570,7 Days to Die,75,69,31371
2025-09-24T08:12:59.181958,1260320,Party Animals,76,182,33501
2025-09-24T08:12:59.181958,108600,Project Zomboid,77,73,23330
2025-09-24T08:12:59.181958,1142710,Total War: WARHAMMER III,78,76,26396
2025-09-24T08:12:59.181958,2379780,Balatro,79,74,11321
2025-09-24T08:12:59.181958,714010,Aimlabs,80,75,6826
2025-09-24T08:12:59.181958,489830,The Elder Scrolls V: Skyrim Special Edition,81,80,21344
2025-09-24T08:12:59.181958,294100,RimWorld,82,77,31597
2025-09-24T08:12:59.181958,1905180,OBS Studio,83,84,22820
2025-09-24T08:12:59.181958,3557620,Blue Archive,84,103,27077
2025-09-24T08:12:59.181958,1551360,Forza Horizon 5,85,85,13363
2025-09-24T08:12:59.181958,2358720,Black Myth: Wukong,86,83,27117
2025-09-24T08:12:59.181958,2300320,Farming Simulator 25,87,86,36163
2025-09-24T08:12:59.181958,2183900,"Warhammer 40,000: Space Marine 2",88,67,17507
2025-09-24T08:12:59.181958,281990,Stellaris,89,128,22267
2025-09-24T08:12:59.181958,813780,Age of Empires II: Definitive Edition,90,91,19256
2025-09-24T08:12:59.181958,2642680,Half Sword Tech Demo,91,87,5906
2025-09-24T08:12:59.181958,1145360,Hades,92,-1,16899
2025-09-24T08:12:59.181958,1329410,1329410,93,88,14128
2025-09-24T08:12:59.181958,629520,Soundpad,94,89,19368
2025-09-24T08:12:59.181958,3164500,Schedule I,95,78,16794
2025-09-24T08:12:59.181958,2139460,Once Human,96,93,25451
2025-09-24T08:12:59.181958,960090,Bloons TD 6,97,90,8325
2025-09-24T08:12:59.181958,2878980,NBA 2K25,98,94,19282
2025-09-24T08:12:59.181958,2321470,Deep Rock Galactic: Survivor,99,-1,13576
2025-09-24T08:12:59.181958,1771300,Kingdom Come: Deliverance II,100,81,22546
2025-09-25T08:12:50.396756,730,Counter-Strike 2,1,1,1562493
2025-09-25T08:12:50.396756,570,Dota 2,2,2,758847
2025-09-25T08:12:50.396756,578080,PUBG: BATTLEGROUNDS,3,3,632558
2025-09-25T08:12:50.396756,431960,Wallpaper Engine,4,4,126887
2025-09-25T08:12:50.396756,1030300,Hollow Knight: Silksong,5,5,174941
2025-09-25T08:12:50.396756,3354750,skate.,6,8,101212
2025-09-25T08:12:50.396756,1172470,Apex Legends™,7,7,179672
2025-09-25T08:12:50.396756,2507950,Delta Force,8,11,233907
2025-09-25T08:12:50.396756,1285190,Borderlands 4,9,6,137492
2025-09-25T08:12:50.396756,2767030,Marvel Rivals,10,9,92022
2025-09-25T08:12:50.396756,236390,War Thunder,11,12,73386
2025-09-25T08:12:50.396756,553850,HELLDIVERS™ 2,12,10,67948
2025-09-25T08:12:50.396756,381210,Dead by Daylight,13,18,67797
2025-09-25T08:12:50.396756,1203220,NARAKA: BLADEPOINT,14,15,119794
2025-09-25T08:12:50.396756,413150,Stardew Valley,15,17,95219
2025-09-25T08:12:50.396756,359550,Tom Clancy's Rainbow Six® Siege X,16,16,56294
2025-09-25T08:12:50.396756,367520,Hollow Knight,17,14,52234
2025-09-25T08:12:50.396756,2694490,Path of Exile 2,18,13,102088
2025-09-25T08:12:50.396756,3008130,Dying Light: The Beast,19,-1,69597
2025-09-25T08:12:50.396756,271590,Grand Theft Auto V Legacy,20,19,76091
2025-09-25T08:12:50.396756,252490,Rust,21,21,97983
2025-09-25T08:12:50.396756,1938090,Call of Duty®,22,20,45078
2025-09-25T08:12:50.396756,3527290,PEAK,23,26,29737
2025-09-25T08:12:50.396756,1973530,Limbus Company,24,27,42634
2025-09-25T08:12:50.396756,440,Team Fortress 2,25,23,44195
2025-09-25T08:12:50.396756,322330,饥荒联机版,26,46,62445
2025-09-25T08:12:50.396756,2357570,Overwatch® 2,27,22,35944
2025-09-25T08:12:50.396756,3240220,Grand Theft Auto V Enhanced,28,24,53455
2025-09-25T08:12:50.396756,1091500,Cyberpunk 2077,29,42,47430
2025-09-25T08:12:50.396756,1086940,Baldur's Gate 3,30,25,55299
2025-09-25T08:12:50.396756,105600,Terraria,31,31,24892
2025-09-25T08:12:50.396756,227300,Euro Truck Simulator 2,32,34,39355
2025-09-25T08:12:50.396756,230410,Warframe,33,29,46354
2025-09-25T08:12:50.396756,3419430,Bongo Cat,34,39,136132
2025-09-25T08:12:50.396756,550,Left 4 Dead 2,35,38,26199
2025-09-25T08:12:50.396756,322170,Geometry Dash,36,33,26908
2025-09-25T08:12:50.396756,438100,VRChat,37,36,46920
2025-09-25T08:12:50.396756,2669320,EA SPORTS FC™ 25,38,28,33277
2025-09-25T08:12:50.396756,2073620,Arena Breakout: Infinite,39,37,48517
2025-09-25T08:12:50.396756,394360,Hearts of Iron IV,40,41,46096
2025-09-25T08:12:50.396756,1422450,Deadlock,41,40,39741
2025-09-25T08:12:50.396756,2622380,ELDEN RING NIGHTREIGN,42,32,59676
2025-09-25T08:12:50.396756,1174180,Red Dead Redemption 2,43,44,34958
2025-09-25T08:12:50.396756,250900,The Binding of Isaac: Rebirth,44,43,21812
2025-09-25T08:12:50.396756,252950,Rocket League®,45,45,26223
2025-09-25T08:12:50.396756,284160,BeamNG.drive,46,35,24140
2025-09-25T08:12:50.396756,1449850,Yu-Gi-Oh! Master Duel,47,48,18843
2025-09-25T08:12:50.396756,3241660,R.E.P.O.,48,47,22046
2025-09-25T08:12:50.396756,3405340,Megabonk,49,-1,35739
2025-09-25T08:12:50.396756,275850,No Man's Sky,50,30,34147
2025-09-25T08:12:50.396756,1222670,The Sims™ 4,51,50,28023
2025-09-25T08:12:50.396756,1366800,Crosshair X,52,52,50192
2025-09-25T08:12:50.396756,289070,Sid Meier’s Civilization® VI,53,61,42442
2025-09-25T08:12:50.396756,1364780,Street Fighter™ 6,54,57,35532
2025-09-25T08:12:50.396756,221100,DayZ,55,59,56311
2025-09-25T08:12:50.396756,3224770,Umamusume: Pretty Derby,56,56,19231
2025-09-25T08:12:50.396756,2584990,Shadowverse: Worlds Beyond,57,54,22046
2025-09-25T08:12:50.396756,1245620,ELDEN RING,58,58,28134
2025-09-25T08:12:50.396756,2073850,THE FINALS,59,55,19976
2025-09-25T08:12:50.396756,261550,Mount & Blade II: Bannerlord,60,74,37607
2025-09-25T08:12:50.396756,1517290,Battlefield™ 2042,61,51,17810
2025-09-25T08:12:50.396756,1281930,tModLoader,62,66,27233
2025-09-25T08:12:50.396756,892970,Valheim,63,60,34669
2025-09-25T08:12:50.396756,1665460,eFootball™,64,65,15423
2025-09-25T08:12:50.396756,291550,Brawlhalla,65,64,13907
2025-09-25T08:12:50.396756,244210,Assetto Corsa,66,71,14561
2025-09-25T08:12:50.396756,1623730,Palworld,67,77,39046
2025-09-25T08:12:50.396756,4000,Garry's Mod,68,67,22818
2025-09-25T08:12:50.396756,1260320,Party Animals,69,-1,34554
2025-09-25T08:12:50.396756,3513350,Wuthering Waves,70,53,11833
2025-09-25T08:12:50.396756,646570,Slay the Spire,71,72,17021
2025-09-25T08:12:50.396756,739630,Phasmophobia,72,49,16633
2025-09-25T08:12:50.396756,2252570,Football Manager 2024,73,62,53353
2025-09-25T08:12:50.396756,594650,Hunt: Showdown 1896,74,98,32418
2025-09-25T08:12:50.396756,108600,Project Zomboid,75,75,22540
2025-09-25T08:12:50.396756,1142710,Total War: WARHAMMER III,76,76,26155
2025-09-25T08:12:50.396756,1085660,Destiny 2,77,63,21280
2025-09-25T08:12:50.396756,251570,7 Days to Die,78,68,30096
2025-09-25T08:12:50.396756,2379780,Balatro,79,73,11167
2025-09-25T08:12:50.396756,714010,Aimlabs,80,80,6701
2025-09-25T08:12:50.396756,1905180,OBS Studio,81,82,24906
2025-09-25T08:12:50.396756,2444750,Shape of Dreams,82,69,34704
2025-09-25T08:12:50.396756,489830,The Elder Scrolls V: Skyrim Special Edition,83,79,20965
2025-09-25T08:12:50.396756,1329410,1329410,84,93,16130
2025-09-25T08:12:50.396756,294100,RimWorld,85,78,30686
2025-09-25T08:12:50.396756,1551360,Forza Horizon 5,86,84,13593
2025-09-25T08:12:50.396756,2358720,Black Myth: Wukong,87,86,25424
2025-09-25T08:12:50.396756,2300320,Farming Simulator 25,88,85,35783
2025-09-25T08:12:50.396756,813780,Age of Empires II: Definitive Edition,89,89,18708
2025-09-25T08:12:50.396756,2183900,"Warhammer 40,000: Space Marine 2",90,70,16307
2025-09-25T08:12:50.396756,281990,Stellaris,91,127,22193
2025-09-25T08:12:50.396756,3557620,Blue Archive,92,104,9674
2025-09-25T08:12:50.396756,2139460,Once Human,93,92,24946
2025-09-25T08:12:50.396756,629520,Soundpad,94,88,19290
2025-09-25T08:12:50.396756,1145360,Hades,95,-1,16305
2025-09-25T08:12:50.396756,2642680,Half Sword Tech Demo,96,87,5764
2025-09-25T08:12:50.396756,2878980,NBA 2K25,97,94,18465
2025-09-25T08:12:50.396756,960090,Bloons TD 6,98,91,7849
2025-09-25T08:12:50.396756,3164500,Schedule I,99,81,15846
2025-09-25T08:12:50.396756,292030,The Witcher 3: Wild Hunt,100,106,17515
2025-09-26T08:13:21.218302,730,Counter-Strike 2,1,1,1392494
2025-09-26T08:13:21.218302,570,Dota 2,2,2,769422
2025-09-26T08:13:21.218302,578080,PUBG: BATTLEGROUNDS,3,3,674540
2025-09-26T08:13:21.218302,431960,Wallpaper Engine,4,4,120258
2025-09-26T08:13:21.218302,1030300,Hollow Knight: Silksong,5,5,161539
2025-09-26T08:13:21.218302,3354750,skate.,6,8,94132
2025-09-26T08:13:21.218302,1172470,Apex Legends™,7,7,165810
2025-09-26T08:13:21.218302,2507950,Delta Force,8,11,223478
2025-09-26T08:13:21.218302,2767030,Marvel Rivals,9,9,88162
2025-09-26T08:13:21.218302,1203220,NARAKA: BLADEPOINT,10,15,141736
2025-09-26T08:13:21.218302,1285190,Borderlands 4,11,6,125816
2025-09-26T08:13:21.218302,236390,War Thunder,12,12,72432
2025-09-26T08:13:21.218302,553850,HELLDIVERS™ 2,13,10,61783
2025-09-26T08:13:21.218302,381210,Dead by Daylight,14,18,62312
2025-09-26T08:13:21.218302,1973530,Limbus Company,15,23,124574
2025-09-26T08:13:21.218302,413150,Stardew Valley,16,17,88755
2025-09-26T08:13:21.218302,359550,Tom Clancy's Rainbow Six® Siege X,17,16,55308
2025-09-26T08:13:21.218302,367520,Hollow Knight,18,14,48383
2025-09-26T08:13:21.218302,2694490,Path of Exile 2,19,13,96634
2025-09-26T08:13:21.218302,252490,Rust,20,19,108803
2025-09-26T08:13:21.218302,271590,Grand Theft Auto V Legacy,21,20,74892
2025-09-26T08:13:21.218302,1938090,Call of Duty®,22,21,45032
2025-09-26T08:13:21.218302,3008130,Dying Light: The Beast,23,49,62260
2025-09-26T08:13:21.218302,440,Team Fortress 2,24,22,54353
2025-09-26T08:13:21.218302,3527290,PEAK,25,27,28229
2025-09-26T08:13:21.218302,2357570,Overwatch® 2,26,24,34432
2025-09-26T08:13:21.218302,3240220,Grand Theft Auto V Enhanced,27,25,52052
2025-09-26T08:13:21.218302,322330,饥荒联机版,28,42,57386
2025-09-26T08:13:21.218302,1086940,Baldur's Gate 3,29,26,55214
2025-09-26T08:13:21.218302,1091500,Cyberpunk 2077,30,43,46636
2025-09-26T08:13:21.218302,105600,Terraria,31,30,24889
2025-09-26T08:13:21.218302,322170,Geometry Dash,32,31,27366
2025-09-26T08:13:21.218302,230410,Warframe,33,29,41471
2025-09-26T08:13:21.218302,227300,Euro Truck Simulator 2,34,34,39034
2025-09-26T08:13:21.218302,1145350,Hades II,35,-1,84419
2025-09-26T08:13:21.218302,3419430,Bongo Cat,36,33,131696
2025-09-26T08:13:21.218302,550,Left 4 Dead 2,37,39,25129
2025-09-26T08:13:21.218302,438100,VRChat,38,36,44143
2025-09-26T08:13:21.218302,2073620,Arena Breakout: Infinite,39,38,48674
2025-09-26T08:13:21.218302,2669320,EA SPORTS FC™ 25,40,28,31844
2025-09-26T08:13:21.218302,3405340,Megabonk,41,-1,42195
2025-09-26T08:13:21.218302,394360,Hearts of Iron IV,42,41,45582
2025-09-26T08:13:21.218302,1422450,Deadlock,43,40,39135
2025-09-26T08:13:21.218302,3405690,EA SPORTS FC™ 26,44,141,53417
2025-09-26T08:13:21.218302,2622380,ELDEN RING NIGHTREIGN,45,32,56205
2025-09-26T08:13:21.218302,284160,BeamNG.drive,46,37,24984
2025-09-26T08:13:21.218302,250900,The Binding of Isaac: Rebirth,47,45,21672
2025-09-26T08:13:21.218302,252950,Rocket League®,48,44,26413
2025-09-26T08:13:21.218302,1174180,Red Dead Redemption 2,49,46,33200
2025-09-26T08:13:21.218302,1449850,Yu-Gi-Oh! Master Duel,50,47,18467
2025-09-26T08:13:21.218302,3241660,R.E.P.O.,51,48,22458
2025-09-26T08:13:21.218302,1222670,The Sims™ 4,52,50,28237
2025-09-26T08:13:21.218302,1364780,Street Fighter™ 6,53,56,38010
2025-09-26T08:13:21.218302,275850,No Man's Sky,54,35,31947
2025-09-26T08:13:21.218302,1366800,Crosshair X,55,52,48924
2025-09-26T08:13:21.218302,289070,Sid Meier’s Civilization® VI,56,61,40744
2025-09-26T08:13:21.218302,221100,DayZ,57,60,55430
2025-09-26T08:13:21.218302,2584990,Shadowverse: Worlds Beyond,58,54,20157
2025-09-26T08:13:21.218302,2073850,THE FINALS,59,55,20262
2025-09-26T08:13:21.218302,1665460,eFootball™,60,63,22691
2025-09-26T08:13:21.218302,3224770,Umamusume: Pretty Derby,61,58,17893
2025-09-26T08:13:21.218302,1245620,ELDEN RING,62,57,27070
2025-09-26T08:13:21.218302,261550,Mount & Blade II: Bannerlord,63,70,36499
2025-09-26T08:13:21.218302,244210,Assetto Corsa,64,69,15507
2025-09-26T08:13:21.218302,1281930,tModLoader,65,66,25432
2025-09-26T08:13:21.218302,291550,Brawlhalla,66,64,13295
2025-09-26T08:13:21.218302,892970,Valheim,67,62,33722
2025-09-26T08:13:21.218302,594650,Hunt: Showdown 1896,68,103,28548
2025-09-26T08:13:21.218302,1517290,Battlefield™ 2042,69,53,16530
2025-09-26T08:13:21.218302,4000,Garry's Mod,70,67,22461
2025-09-26T08:13:21.218302,1260320,Party Animals,71,-1,33786
2025-09-26T08:13:21.218302,3513350,Wuthering Waves,72,59,11900
2025-09-26T08:13:21.218302,1623730,Palworld,73,78,36962
2025-09-26T08:13:21.218302,1551360,Forza Horizon 5,74,79,18355
2025-09-26T08:13:21.218302,739630,Phasmophobia,75,51,16684
2025-09-26T08:13:21.218302,2252570,Football Manager 2024,76,65,51778
2025-09-26T08:13:21.218302,108600,Project Zomboid,77,77,21606
2025-09-26T08:13:21.218302,646570,Slay the Spire,78,68,16307
2025-09-26T08:13:21.218302,1142710,Total War: WARHAMMER III,79,75,25616
2025-09-26T08:13:21.218302,2379780,Balatro,80,74,10799
2025-09-26T08:13:21.218302,251570,7 Days to Die,81,73,28705
2025-09-26T08:13:21.218302,1905180,OBS Studio,82,83,22381
2025-09-26T08:13:21.218302,489830,The Elder Scrolls V: Skyrim Special Edition,83,81,20507
2025-09-26T08:13:21.218302,714010,Aimlabs,84,82,6553
2025-09-26T08:13:21.218302,2947440,SILENT HILL f,85,-1,21464
2025-09-26T08:13:21.218302,2139460,Once Human,86,95,33946
2025-09-26T08:13:21.218302,294100,RimWorld,87,80,30143
2025-09-26T08:13:21.218302,2300320,Farming Simulator 25,88,87,35409
2025-09-26T08:13:21.218302,1329410,1329410,89,94,14664
2025-09-26T08:13:21.218302,1085660,Destiny 2,90,72,18454
2025-09-26T08:13:21.218302,2444750,Shape of Dreams,91,71,30093
2025-09-26T08:13:21.218302,813780,Age of Empires II: Definitive Edition,92,90,19028
2025-09-26T08:13:21.218302,1145360,Hades,93,126,16739
2025-09-26T08:13:21.218302,2246340,Monster Hunter Wilds,94,99,20813
2025-09-26T08:13:21.218302,2183900,"Warhammer 40,000: Space Marine 2",95,76,15710
2025-09-26T08:13:21.218302,2642680,Half Sword Tech Demo,96,88,5799
2025-09-26T08:13:21.218302,281990,Stellaris,97,125,21934
2025-09-26T08:13:21.218302,629520,Soundpad,98,89,19334
2025-09-26T08:13:21.218302,2358720,Black Myth: Wukong,99,85,23394
2025-09-26T08:13:21.218302,3557620,Blue Archive,100,104,7590
